id,userId,applicationId,createdAt,updatedAt
76f13e32-de6d-468d-9b68-d1d732225d61,af1f384e-71f2-4620-a619-b67a7f0f1a84,172a42a6-2556-401d-8d59-a95829c0b049,2026-09-17T11:54:40+00,2026-09-17T11:54:40+00
92620ead-ac6a-4ddc-be8f-95ef37265bb2,c865fd65-6910-45a5-9252-69f8fd02201b,aa7170e7-db18-4a57-8809-3ce5b9252e02,2026-09-20T04:58:10+00,2026-09-20T04:58:10+00
32c394f4-30ad-44b1-bf20-30ee2f1c9092,c865fd65-6910-45a5-9252-69f8fd02201b,bb835672-3fcb-4bc3-88b4-dd26bd7f121a,2026-09-09T03:47:58+00,2026-09-09T03:47:58+00
fabce6fe-f166-4220-bf59-527635030255,ac6675e6-0b38-42d4-bf38-8959faea8863,32fb17f1-7d33-4907-b167-2785deb49bb8,2026-09-21T00:58:28+00,2026-09-21T00:58:28+00
e3eb3f6c-f21c-433c-b930-2bb56ea03328,72e65af5-9e91-4099-88c2-8972779d4108,b2140be7-fa6f-4dbf-aefb-46c9c2b433aa,2026-09-22T10:55:31+00,2026-09-22T10:55:31+00
40ed2325-8992-4d62-bf80-a2d4336c6ed5,144d9db2-8702-4b92-9711-0a57a3faa7c8,e9a6a245-d0e2-4e67-bf1d-1313956679ab,2026-09-03T13:00:08+00,2026-09-03T13:00:08+00
dbb6ac02-794f-498e-a5c0-bec2f69ee3df,4c7d3b7c-ba64-4329-a995-be4990a7b264,05bf2c6f-6a9c-4b6d-855a-9aa5cf87c0c9,2026-08-23T22:35:50+00,2026-08-23T22:35:50+00
8aad9e3b-57e9-4c24-a925-1a5edbc71bb6,20a3c832-08ce-446f-b7f8-e12e142db636,e5a93436-38e6-45e0-bb9d-4cff54dfbdf2,2026-09-20T11:24:41+00,2026-09-20T11:24:41+00
9aa64665-aafb-4f44-a8c7-b4d575560f94,3d51eefd-8b09-49a2-8ad2-305676775b05,01862663-a932-404d-8369-32f39f55179f,2026-08-29T02:10:07+00,2026-08-29T02:10:07+00
92eff9d1-7975-4257-b400-2ee2495534ed,af1f384e-71f2-4620-a619-b67a7f0f1a84,4176f906-990e-451b-a1af-493bedb70181,2026-09-21T06:19:38+00,2026-09-21T06:19:38+00
c171492b-9deb-475c-8c53-0ae1e165f7a7,4628006c-2634-45e2-91a2-41a475e39115,604517f6-afd6-4974-9e8f-1bb464ed9b79,2026-09-13T06:22:24+00,2026-09-13T06:22:24+00
c44a6433-d554-4651-b653-116167beb359,9937bb3c-c14e-4c6e-a02f-cc0ba7e326b6,d43d8fb2-0841-4a99-ae02-6d88b5c5a5b7,2026-08-29T02:29:28+00,2026-08-29T02:29:28+00
fdce5f2d-4410-4c1c-a765-86abd5cbb12e,85830fbe-7792-4344-8e85-6c33e9f1f368,35396ef5-bc74-43ed-a941-b538fad051f3,2026-09-12T12:36:15+00,2026-09-12T12:36:15+00
69c57005-6e30-49e7-92e1-45ea6a01bf21,35732930-67f3-4140-8997-66b3e77e7014,35396ef5-bc74-43ed-a941-b538fad051f3,2026-09-02T19:29:40+00,2026-09-02T19:29:40+00
bd2682a5-a4f8-4847-97a3-531c9e115900,4dfbca3c-b477-47d5-81da-3552059e9654,dae1e1c6-681f-4605-bf23-0df8425a5fdd,2026-08-25T22:05:29+00,2026-08-25T22:05:29+00
06699677-bf50-4583-9cfb-4d9bc2f5862b,ac121499-0280-4b23-88b0-0f925f3a301e,1d6e52b9-e368-46f4-b232-9a504be2e387,2026-09-22T01:10:38+00,2026-09-22T01:10:38+00
ee552869-01c2-40ec-a04a-c428aa1cd73e,efbc2aeb-f83f-4d5d-9753-1c1696c6a099,16d52b0d-4337-4352-9d01-aab6ceea8b7b,2026-09-21T17:03:26+00,2026-09-21T17:03:26+00
c44e5c54-ac12-45c1-83f5-c0f678944af0,9937bb3c-c14e-4c6e-a02f-cc0ba7e326b6,5d563e21-9d3b-40c2-a5e5-31c0ca59c1d0,2026-09-18T05:49:08+00,2026-09-18T05:49:08+00
31fb9fc2-828a-4444-9e2c-7882b04f7bf4,4628006c-2634-45e2-91a2-41a475e39115,080b61d6-0886-4803-b0c9-4ed29179dceb,2026-09-19T07:16:21+00,2026-09-19T07:16:21+00
4c8146b5-1b67-4ec1-b640-d44bbcda51df,af1f384e-71f2-4620-a619-b67a7f0f1a84,bb02f397-b7b6-43e3-90bd-50474f717c00,2026-09-15T15:24:28+00,2026-09-15T15:24:28+00
2117fb02-66ea-4c96-9805-54576dee08d6,cb73a5d8-749e-41c6-8bbf-3539531312d2,9faa224c-92ff-4e93-a501-dcb594dc7e0a,2026-09-18T08:21:27+00,2026-09-18T08:21:27+00
ee91c532-b13e-457f-b2af-579f195f02a1,9937bb3c-c14e-4c6e-a02f-cc0ba7e326b6,c92e8cfd-4e24-4c44-b362-9f2cc7c8dc75,2026-09-22T10:09:14+00,2026-09-22T10:09:14+00
28475366-9d3f-4e33-9c71-9b8eb1603fc9,f37f9e27-268c-49a1-be3a-cf722ed3d48b,40e48a68-9466-42e6-8e9b-9443af4d1576,2026-09-14T05:22:50+00,2026-09-14T05:22:50+00
960226d2-817f-43f0-9d2c-2c96cad19146,4dfbca3c-b477-47d5-81da-3552059e9654,100d47d8-b9d2-4bbb-8f6f-1d9f55f47bb2,2026-09-17T06:33:19+00,2026-09-17T06:33:19+00
ab20fe64-b136-461d-bed3-902dffbfa3d3,cccb5524-84e6-4404-bf62-c525a9439bd7,35396ef5-bc74-43ed-a941-b538fad051f3,2026-09-19T08:31:02+00,2026-09-19T08:31:02+00
d44313e2-1ace-4054-965e-7745d047ff03,efbc2aeb-f83f-4d5d-9753-1c1696c6a099,8d7bcb69-b06a-4c91-8bee-fbaa7dc12271,2026-09-07T11:40:08+00,2026-09-07T11:40:08+00
d19debd2-7fb0-42be-84df-9cb11de0c084,19367001-6484-4ad9-9f0d-fa10ce6462b6,0c7f2429-2f01-4720-9db3-c0b53fc49ea0,2026-09-06T18:58:29+00,2026-09-06T18:58:29+00
e0efe46b-f2c2-48f5-b6f0-9a4e37cb22f7,5761bde8-ab17-4155-9890-228859ae9d8c,468f69cd-8fbe-44d0-ae8d-5f3c98e4ae1f,2026-09-19T10:17:50+00,2026-09-19T10:17:50+00
5b356b0d-2d2d-4785-b4c2-d60a098e9bbf,efbc2aeb-f83f-4d5d-9753-1c1696c6a099,08f4ec3b-9b4d-4624-bb3a-657139232f36,2026-09-17T22:28:24+00,2026-09-17T22:28:24+00
816280c8-8d91-4a09-a088-98a22797667f,efbc2aeb-f83f-4d5d-9753-1c1696c6a099,7f680da9-6337-41e4-9ce6-230190f5f088,2026-09-14T03:02:38+00,2026-09-14T03:02:38+00
364d6090-aba5-49f6-9043-ccaecc45641c,ac121499-0280-4b23-88b0-0f925f3a301e,7a6fafdf-a775-4c14-98bd-ac51221e0cbb,2026-09-21T19:58:03+00,2026-09-21T19:58:03+00
b93e6c95-ded8-40f5-8978-05f72cb4d416,9937bb3c-c14e-4c6e-a02f-cc0ba7e326b6,d8d690e7-8aa4-4544-8d95-a8c06ad5f40b,2026-09-11T15:02:25+00,2026-09-11T15:02:25+00
3ed0430b-3d95-4eaa-99c2-666642e8218b,9937bb3c-c14e-4c6e-a02f-cc0ba7e326b6,fdc7191b-7a11-4e94-a305-95e8773f4841,2026-08-30T15:44:44+00,2026-08-30T15:44:44+00
a81f9962-2055-424e-9f90-8ed24caa14d5,b40e34f2-cd9d-4c15-b942-eeb1cdac5e68,aa7170e7-db18-4a57-8809-3ce5b9252e02,2026-09-20T09:29:47+00,2026-09-20T09:29:47+00
4efb1606-2ffc-4493-b92b-ba790dd011af,19367001-6484-4ad9-9f0d-fa10ce6462b6,9dabba0a-03cb-4316-9ead-56cfd053fcd1,2026-09-16T04:55:41+00,2026-09-16T04:55:41+00
c1069d2a-4bf7-49e1-a541-73ea9a7460e3,b40e34f2-cd9d-4c15-b942-eeb1cdac5e68,aa7170e7-db18-4a57-8809-3ce5b9252e02,2026-09-16T12:52:35+00,2026-09-16T12:52:35+00
7bde402f-6d5d-4b98-ae24-e4d2cee07056,735fc5cb-dd91-46b6-94d6-d68143ec3f0e,01831610-1512-4aba-a0b8-ef22fa10e4f2,2026-09-22T09:18:14+00,2026-09-22T09:18:14+00
750e8453-8dfd-448d-a5de-2932923af47c,20a3c832-08ce-446f-b7f8-e12e142db636,19ee7d08-f4f8-44b3-a728-150a15c26889,2026-09-08T11:37:39+00,2026-09-08T11:37:39+00
d494457d-04a0-4f68-a98f-274cdbeeb1f8,3d51eefd-8b09-49a2-8ad2-305676775b05,f452cdf4-9099-449f-8345-e0a9eb870ac1,2026-09-18T13:07:48+00,2026-09-18T13:07:48+00
48b9d68d-2f94-4548-8507-94a25e680e63,cccb5524-84e6-4404-bf62-c525a9439bd7,172a42a6-2556-401d-8d59-a95829c0b049,2026-09-09T08:51:18+00,2026-09-09T08:51:18+00
ee63674d-f558-4415-9f85-a8939e0c13d5,e9878408-1451-428d-bdcf-52911cf0b046,ddbd3840-101f-48b4-af11-b6f77188b2b1,2026-09-21T23:06:39+00,2026-09-21T23:06:39+00
c981d79d-2467-4724-a3e5-e3bb256b0acd,5761bde8-ab17-4155-9890-228859ae9d8c,0ba4cd4d-0beb-4ca7-81f1-44d2088dd0c7,2026-09-09T23:15:07+00,2026-09-09T23:15:07+00
7fb995f3-174a-46cc-88b0-9ee9ba72ec41,f37f9e27-268c-49a1-be3a-cf722ed3d48b,100d47d8-b9d2-4bbb-8f6f-1d9f55f47bb2,2026-09-18T09:46:34+00,2026-09-18T09:46:34+00
88ab7a63-0405-4466-90bc-ef59f5559ce5,c68d9407-3284-43e1-b16e-85a8ae34979b,ca2a5e34-dd21-4cac-9354-633c4857c0c7,2026-09-22T08:53:17+00,2026-09-22T08:53:17+00
6b3201e7-bbae-49bb-a742-2bff0abf92b9,efbc2aeb-f83f-4d5d-9753-1c1696c6a099,aa7170e7-db18-4a57-8809-3ce5b9252e02,2026-09-10T05:13:51+00,2026-09-10T05:13:51+00
0ebf95f5-733d-45a2-a507-96ebff2d4b3e,7c912978-b1d3-4b80-862a-cf640b4d54dd,a493474e-db90-45ba-8b0e-5b12946ea9fe,2026-09-01T11:49:18+00,2026-09-01T11:49:18+00
d9f5f143-aaf6-4bbf-a31b-cee3e1e0d895,ac121499-0280-4b23-88b0-0f925f3a301e,fdc7191b-7a11-4e94-a305-95e8773f4841,2026-09-07T07:56:46+00,2026-09-07T07:56:46+00
8ee3a51e-44fc-449a-a742-1ef76208f276,5f4a0667-45b5-469d-b30e-8b5129c82f54,9cb07d8a-ba95-4bde-ad74-dfc40f4d1a35,2026-09-21T17:31:06+00,2026-09-21T17:31:06+00
5cc9c53d-f6ee-41a9-b31e-6eb1159989f9,7c912978-b1d3-4b80-862a-cf640b4d54dd,31057864-f831-4527-a600-41e31a067091,2026-09-19T03:12:41+00,2026-09-19T03:12:41+00
fd65ba32-b646-40d2-85e7-9e55dfec7d0c,19367001-6484-4ad9-9f0d-fa10ce6462b6,bb835672-3fcb-4bc3-88b4-dd26bd7f121a,2026-08-23T16:01:30+00,2026-08-23T16:01:30+00
ae9f63a0-7e72-4b37-a74a-5738b0df68f3,c739f2fc-dd85-46be-b5e8-6d764a514508,32fb17f1-7d33-4907-b167-2785deb49bb8,2026-09-20T08:45:53+00,2026-09-20T08:45:53+00
6f0830b9-f0ad-40bf-8efc-fec22953607c,20a3c832-08ce-446f-b7f8-e12e142db636,c41e6383-8a80-4c12-ab05-a9378261fe60,2026-08-25T12:50:06+00,2026-08-25T12:50:06+00
3da11a98-b24d-4a79-aff7-04b109ed93d3,f37f9e27-268c-49a1-be3a-cf722ed3d48b,c92e8cfd-4e24-4c44-b362-9f2cc7c8dc75,2026-09-17T00:28:37+00,2026-09-17T00:28:37+00
195dbf62-4f37-4775-a860-3e1d86e57756,27aa2626-9c22-4ce9-b460-802788397fab,7d34d202-32a8-4c33-9ff3-b10d0c9860f8,2026-09-16T09:25:05+00,2026-09-16T09:25:05+00
81db7bd1-b7c1-4f33-bbf5-846c06adc1e0,4c7d3b7c-ba64-4329-a995-be4990a7b264,c92e8cfd-4e24-4c44-b362-9f2cc7c8dc75,2026-09-20T13:47:46+00,2026-09-20T13:47:46+00
a62876eb-2508-4576-b04b-322e73d49d8b,72e65af5-9e91-4099-88c2-8972779d4108,230fa550-1848-4a6b-a552-51c1ce047b4f,2026-09-12T05:09:08+00,2026-09-12T05:09:08+00
95d5a440-e048-4cd3-a6f4-33d0dd7fe8f8,4c7d3b7c-ba64-4329-a995-be4990a7b264,0ba4cd4d-0beb-4ca7-81f1-44d2088dd0c7,2026-09-17T18:11:31+00,2026-09-17T18:11:31+00
1684746e-5365-49a6-808a-d0e298f467a7,606a0a59-c082-4179-8dea-ce74f437ed4e,dae1e1c6-681f-4605-bf23-0df8425a5fdd,2026-09-21T16:44:14+00,2026-09-21T16:44:14+00
5b0ce173-7484-4a6d-b79a-c5b4b0ff5bb7,27aa2626-9c22-4ce9-b460-802788397fab,01831610-1512-4aba-a0b8-ef22fa10e4f2,2026-09-22T08:56:49+00,2026-09-22T08:56:49+00
5f9ff37c-15e1-4d92-a1df-41fe98112182,72e65af5-9e91-4099-88c2-8972779d4108,e0197eb8-420e-46c2-ab4c-7353ce93fe44,2026-09-16T01:25:19+00,2026-09-16T01:25:19+00
710a6168-082c-42dd-9695-f1fe415bdf4d,5761bde8-ab17-4155-9890-228859ae9d8c,44b82e25-5485-4a59-847a-1e488cdf7fae,2026-09-22T08:44:53+00,2026-09-22T08:44:53+00
6d3d2d02-bc84-4134-aeb7-6dc37465a85a,ac121499-0280-4b23-88b0-0f925f3a301e,7d0546c8-0b4c-487e-b81f-60f0ca99626e,2026-09-12T12:23:08+00,2026-09-12T12:23:08+00
6230f846-f0b1-4791-9d16-55343510ca16,05f06301-174c-4ce0-88f7-31f622e82235,cdd1e069-d112-4d84-9abb-793702ad876d,2026-09-17T12:24:22+00,2026-09-17T12:24:22+00
1fd865a2-6d5f-4af0-bff0-c62a5cb39c29,5f4a0667-45b5-469d-b30e-8b5129c82f54,89e315ef-bcfc-4239-a666-5fb1b85059b0,2026-09-19T07:55:25+00,2026-09-19T07:55:25+00
a0570312-dabf-4630-b362-45a7c5892d39,ac121499-0280-4b23-88b0-0f925f3a301e,08f4ec3b-9b4d-4624-bb3a-657139232f36,2026-09-15T17:40:57+00,2026-09-15T17:40:57+00
3e709ec6-bf75-43ca-8086-efc5368972cb,4dfbca3c-b477-47d5-81da-3552059e9654,2759c2d9-fac2-4f0a-9633-9c054df555e9,2026-09-18T13:15:14+00,2026-09-18T13:15:14+00
d288f5b9-2dba-4e44-b8ef-cdbb30f2f121,735fc5cb-dd91-46b6-94d6-d68143ec3f0e,01862663-a932-404d-8369-32f39f55179f,2026-09-09T03:45:33+00,2026-09-09T03:45:33+00
fb255f94-841a-412b-aace-3c037210a312,721b08ab-8cae-4b82-a275-50139ff79484,7d0546c8-0b4c-487e-b81f-60f0ca99626e,2026-09-16T22:30:03+00,2026-09-16T22:30:03+00
5b88a112-4471-4c9a-abe4-4091ccf6a7e8,f37f9e27-268c-49a1-be3a-cf722ed3d48b,b2140be7-fa6f-4dbf-aefb-46c9c2b433aa,2026-09-15T02:58:09+00,2026-09-15T02:58:09+00
dcca82d4-b9c0-44c9-8b2f-2d53465698f9,ac121499-0280-4b23-88b0-0f925f3a301e,bb02f397-b7b6-43e3-90bd-50474f717c00,2026-09-12T19:19:49+00,2026-09-12T19:19:49+00
028063d7-f315-48a1-8eca-2aa71afe3b9d,4dfbca3c-b477-47d5-81da-3552059e9654,e95a5f51-bebf-4ec6-ba63-e50a45a5bcb1,2026-09-22T11:45:37+00,2026-09-22T11:45:37+00
dbbaa69e-6340-4d7d-8a1d-7ee5d09947a8,cb73a5d8-749e-41c6-8bbf-3539531312d2,63605aa6-d4d2-4791-b97f-9b08f5c3f6a2,2026-09-08T07:41:06+00,2026-09-08T07:41:06+00
f5f32b83-df2a-4f9c-bdff-afb2d5fe0b79,72e65af5-9e91-4099-88c2-8972779d4108,8d7bcb69-b06a-4c91-8bee-fbaa7dc12271,2026-09-11T06:46:22+00,2026-09-11T06:46:22+00
321e4f32-dd9c-4949-836f-84cf98459abc,4628006c-2634-45e2-91a2-41a475e39115,1d6e52b9-e368-46f4-b232-9a504be2e387,2026-09-17T01:36:42+00,2026-09-17T01:36:42+00
299933f3-5bd7-47a1-8028-42a5e3049dca,b40e34f2-cd9d-4c15-b942-eeb1cdac5e68,c8bf264e-4fb5-4ad8-a2f6-16f208771dfc,2026-09-07T03:03:27+00,2026-09-07T03:03:27+00
455af1c6-64da-499c-ace9-79e22858788f,05f06301-174c-4ce0-88f7-31f622e82235,9267ea31-35d5-49ef-8e0f-0a2f29735c8c,2026-09-19T07:39:35+00,2026-09-19T07:39:35+00
5020b318-ab0a-4a68-873b-71b0c1190eef,20a3c832-08ce-446f-b7f8-e12e142db636,01862663-a932-404d-8369-32f39f55179f,2026-09-18T16:12:31+00,2026-09-18T16:12:31+00
3f4a3471-f15f-43e8-9b57-71c964708267,606a0a59-c082-4179-8dea-ce74f437ed4e,19ee7d08-f4f8-44b3-a728-150a15c26889,2026-08-25T18:01:43+00,2026-08-25T18:01:43+00
b76cd0db-1a4d-4a5e-82a5-07f0bcc82d13,72e65af5-9e91-4099-88c2-8972779d4108,ca2a5e34-dd21-4cac-9354-633c4857c0c7,2026-09-22T05:09:42+00,2026-09-22T05:09:42+00
6f4786ec-96f9-4287-90bc-f48ff7f27e10,cb73a5d8-749e-41c6-8bbf-3539531312d2,e95a5f51-bebf-4ec6-ba63-e50a45a5bcb1,2026-09-09T15:24:34+00,2026-09-09T15:24:34+00
fbf316c5-e204-41ea-86fc-a16871b2ddcc,ac6675e6-0b38-42d4-bf38-8959faea8863,cdbf5df9-22f7-4f20-ae16-4c4565d5849e,2026-09-21T14:09:52+00,2026-09-21T14:09:52+00
cc0a5a3a-14df-4e1e-8237-623cc4c42503,27aa2626-9c22-4ce9-b460-802788397fab,1c5bc96a-5239-4631-b45a-b14aca7bc5a8,2026-09-22T07:43:44+00,2026-09-22T07:43:44+00
e9e25978-f759-4276-9ea7-eb9fb85e08ed,5f4a0667-45b5-469d-b30e-8b5129c82f54,86311483-338e-47b5-86da-72718a4177c8,2026-09-22T09:14:38+00,2026-09-22T09:14:38+00
687bfeda-44dd-474d-8768-3c01bd529a99,c739f2fc-dd85-46be-b5e8-6d764a514508,4176f906-990e-451b-a1af-493bedb70181,2026-09-15T19:56:11+00,2026-09-15T19:56:11+00
83af55c7-2dc0-467f-8037-12145f54ca4a,c739f2fc-dd85-46be-b5e8-6d764a514508,2978ed6e-62ef-478a-b39f-46bd09591aec,2026-09-22T08:36:29+00,2026-09-22T08:36:29+00
60a7fdaf-d72e-476c-b902-a8ac297db511,7436818b-8528-444b-ab38-4a58222f7851,1d6e52b9-e368-46f4-b232-9a504be2e387,2026-09-15T15:26:17+00,2026-09-15T15:26:17+00
42c53b41-de75-4fa0-a713-4e2cd8715879,20a3c832-08ce-446f-b7f8-e12e142db636,2be3c3fc-ac0c-4463-86c4-bf9fadce2a23,2026-09-08T02:13:54+00,2026-09-08T02:13:54+00
b0f0dbe0-4651-4081-bde5-39838ead82e7,85830fbe-7792-4344-8e85-6c33e9f1f368,72e7ee8b-cd7b-464b-a0d9-5dfa6071f45b,2026-09-10T03:25:50+00,2026-09-10T03:25:50+00
9eca0b33-a821-45c5-960e-1703a649b252,cb73a5d8-749e-41c6-8bbf-3539531312d2,b6f7df8e-425b-4b69-9f7b-9707ee7cf94d,2026-09-21T22:12:05+00,2026-09-21T22:12:05+00
1c1ad2da-5d4d-443c-acfd-e37797e4cc8e,581ab6c1-719f-4c66-be38-a82e60863626,bb835672-3fcb-4bc3-88b4-dd26bd7f121a,2026-09-22T02:44:09+00,2026-09-22T02:44:09+00
688b111e-08b1-41f0-859f-e929bd280afb,c739f2fc-dd85-46be-b5e8-6d764a514508,4e6fbb44-c848-4fc0-bad5-7f2265e25009,2026-09-22T10:20:02+00,2026-09-22T10:20:02+00
5cfe3224-6280-422f-b957-30ecbf9fbbd2,581ab6c1-719f-4c66-be38-a82e60863626,100d47d8-b9d2-4bbb-8f6f-1d9f55f47bb2,2026-08-31T16:28:14+00,2026-08-31T16:28:14+00
4dd49157-514b-4e3a-9067-9a0786a4987e,ef9245ec-a5b3-4e80-89e5-bcef7b11578c,b69ab941-7531-46da-99bf-575adc856f4c,2026-09-17T15:36:02+00,2026-09-17T15:36:02+00
5ac50b57-1086-40f1-9ff4-8f6ee8e6d013,581ab6c1-719f-4c66-be38-a82e60863626,7d0546c8-0b4c-487e-b81f-60f0ca99626e,2026-09-17T07:58:33+00,2026-09-17T07:58:33+00
920ca2dc-5801-4f8d-bbbb-e3be795d5f6c,581ab6c1-719f-4c66-be38-a82e60863626,fdc7191b-7a11-4e94-a305-95e8773f4841,2026-09-16T21:50:37+00,2026-09-16T21:50:37+00
5305946f-4b2b-491a-bda8-e05edaecb54a,c68d9407-3284-43e1-b16e-85a8ae34979b,e7a41a17-6668-487e-8b9a-7177e86df14a,2026-09-21T21:07:43+00,2026-09-21T21:07:43+00
6b91dc1c-df3a-4cea-aa99-fadefb5e809c,7436818b-8528-444b-ab38-4a58222f7851,01831610-1512-4aba-a0b8-ef22fa10e4f2,2026-09-20T07:10:29+00,2026-09-20T07:10:29+00
905d13e6-c05d-405b-83e3-ab8901632537,5761bde8-ab17-4155-9890-228859ae9d8c,86311483-338e-47b5-86da-72718a4177c8,2026-09-22T05:03:41+00,2026-09-22T05:03:41+00
9efd4f66-8e94-48ac-8baa-9e395205abca,20a3c832-08ce-446f-b7f8-e12e142db636,a0271692-7ba5-47e3-8a4c-25d31a3e1868,2026-08-27T11:16:16+00,2026-08-27T11:16:16+00
12e01f7b-5fee-4432-87b9-a50df60c3b75,4dfbca3c-b477-47d5-81da-3552059e9654,bb02f397-b7b6-43e3-90bd-50474f717c00,2026-09-21T00:39:28+00,2026-09-21T00:39:28+00
1a5c4c16-a7e5-4b81-8e9b-c2a8635c1098,4c7d3b7c-ba64-4329-a995-be4990a7b264,0ba4cd4d-0beb-4ca7-81f1-44d2088dd0c7,2026-09-02T20:59:47+00,2026-09-02T20:59:47+00
83f4ccb4-7608-4fce-8617-6e82710f33e2,7436818b-8528-444b-ab38-4a58222f7851,9cb07d8a-ba95-4bde-ad74-dfc40f4d1a35,2026-09-22T03:16:13+00,2026-09-22T03:16:13+00
26d0a153-c3cd-4926-883e-c1018e9ab6db,85830fbe-7792-4344-8e85-6c33e9f1f368,c23358d7-631c-4cc2-a49f-718ce03f4d85,2026-09-21T17:27:57+00,2026-09-21T17:27:57+00
bf726067-bb04-4dd6-851f-4cd11f882994,581ab6c1-719f-4c66-be38-a82e60863626,023faaaa-5a37-4bf8-8060-85dfa768feb5,2026-09-09T04:10:34+00,2026-09-09T04:10:34+00
5a535341-606f-4a4b-a4f4-ac0064e037e6,735fc5cb-dd91-46b6-94d6-d68143ec3f0e,d6afc1db-3fef-4d14-a210-bf8053846bad,2026-09-17T21:46:05+00,2026-09-17T21:46:05+00
040c5ba0-a2ac-4163-8078-22136a68e38b,5f4a0667-45b5-469d-b30e-8b5129c82f54,230fa550-1848-4a6b-a552-51c1ce047b4f,2026-09-22T11:47:26+00,2026-09-22T11:47:26+00
09ce9c80-b18b-40b4-a9a3-e9026da614b1,735fc5cb-dd91-46b6-94d6-d68143ec3f0e,bb02f397-b7b6-43e3-90bd-50474f717c00,2026-09-22T11:15:24+00,2026-09-22T11:15:24+00
ac6068f7-8490-46fa-9b7c-cb4bd021ed37,eaba9a70-e32b-43b0-a1ca-9d8c50e909d3,3cd8777a-1334-4164-b473-9809b5910861,2026-09-18T14:02:49+00,2026-09-18T14:02:49+00
4098bd70-60e5-4803-8936-9babc1c097f0,3d51eefd-8b09-49a2-8ad2-305676775b05,ddbd3840-101f-48b4-af11-b6f77188b2b1,2026-09-21T21:55:12+00,2026-09-21T21:55:12+00
85074168-2a98-438c-805e-cd8f279d8143,af1f384e-71f2-4620-a619-b67a7f0f1a84,bb835672-3fcb-4bc3-88b4-dd26bd7f121a,2026-08-25T15:45:09+00,2026-08-25T15:45:09+00
66c4c44a-297c-4850-b1a7-5dba2490e6e4,f37f9e27-268c-49a1-be3a-cf722ed3d48b,86b814c2-128e-465f-811c-b241a626851f,2026-09-22T04:37:30+00,2026-09-22T04:37:30+00
d9935f88-2af6-4fba-ab81-fc1c20af015b,e9878408-1451-428d-bdcf-52911cf0b046,5d563e21-9d3b-40c2-a5e5-31c0ca59c1d0,2026-09-16T08:41:15+00,2026-09-16T08:41:15+00
8dbfe0f7-dc27-4fae-8882-5bc9356b824a,eaba9a70-e32b-43b0-a1ca-9d8c50e909d3,31057864-f831-4527-a600-41e31a067091,2026-09-19T17:08:58+00,2026-09-19T17:08:58+00
261ead7c-c3c3-4382-bd1b-597564afa000,05f06301-174c-4ce0-88f7-31f622e82235,89e315ef-bcfc-4239-a666-5fb1b85059b0,2026-09-20T04:18:23+00,2026-09-20T04:18:23+00
b6fddffd-edd9-41cd-97d5-c7e47a655cfa,9937bb3c-c14e-4c6e-a02f-cc0ba7e326b6,c23358d7-631c-4cc2-a49f-718ce03f4d85,2026-09-14T09:09:32+00,2026-09-14T09:09:32+00
1ee9bd3d-2302-42f4-837a-2dc9e383518e,b40e34f2-cd9d-4c15-b942-eeb1cdac5e68,e95a5f51-bebf-4ec6-ba63-e50a45a5bcb1,2026-09-21T10:13:13+00,2026-09-21T10:13:13+00
a4efa147-8dc0-4637-a466-4b8f3e693c9f,35732930-67f3-4140-8997-66b3e77e7014,100d47d8-b9d2-4bbb-8f6f-1d9f55f47bb2,2026-09-22T04:19:52+00,2026-09-22T04:19:52+00
f10f8f3f-ae63-4461-a2e9-b060eee3a95b,ac6675e6-0b38-42d4-bf38-8959faea8863,89e315ef-bcfc-4239-a666-5fb1b85059b0,2026-09-14T05:13:49+00,2026-09-14T05:13:49+00
a9e8802b-03f6-4c46-a2a3-ecd62ced60e0,20a3c832-08ce-446f-b7f8-e12e142db636,604517f6-afd6-4974-9e8f-1bb464ed9b79,2026-08-29T16:44:27+00,2026-08-29T16:44:27+00
37b4eee8-320b-4fa8-9801-f55efb3fe964,4dfbca3c-b477-47d5-81da-3552059e9654,0cfbc2fc-805b-4dcf-a363-2b03f80ab2b4,2026-09-19T11:14:35+00,2026-09-19T11:14:35+00
fc52b3c9-4155-4f1b-8c48-f31aacc8a1d7,27aa2626-9c22-4ce9-b460-802788397fab,17a9f10f-ffa1-48df-b16a-be436983e59d,2026-09-22T02:42:48+00,2026-09-22T02:42:48+00
29be7414-462f-4ebc-b0ca-14fa5b84fa1b,4628006c-2634-45e2-91a2-41a475e39115,9faa224c-92ff-4e93-a501-dcb594dc7e0a,2026-09-15T09:44:05+00,2026-09-15T09:44:05+00
bd125c40-434b-4a02-b88a-4d4bc94947aa,4628006c-2634-45e2-91a2-41a475e39115,0c7f2429-2f01-4720-9db3-c0b53fc49ea0,2026-09-16T18:54:18+00,2026-09-16T18:54:18+00
2bdc7fac-2dd1-44e3-b975-21921dc1c67b,735fc5cb-dd91-46b6-94d6-d68143ec3f0e,71b2eb75-408e-484e-bdba-e872ca870fdd,2026-09-08T06:13:54+00,2026-09-08T06:13:54+00
a2dda3d0-3b33-40f9-85dd-c478ce643605,3d51eefd-8b09-49a2-8ad2-305676775b05,cd292742-c294-4c6f-a2d3-6ceeff622fa3,2026-09-04T17:40:29+00,2026-09-04T17:40:29+00
37e1dbd5-c249-48bd-bedf-00a801e00b79,c739f2fc-dd85-46be-b5e8-6d764a514508,dae1e1c6-681f-4605-bf23-0df8425a5fdd,2026-09-22T09:07:17+00,2026-09-22T09:07:17+00
55f46bf2-9453-43e6-a95f-3f2b0c104e19,7436818b-8528-444b-ab38-4a58222f7851,1d683812-291b-4c0e-b846-c2f9912a79c7,2026-09-14T02:02:25+00,2026-09-14T02:02:25+00
4dd76e66-45fc-416b-aab8-e4e4b5daf7d2,4628006c-2634-45e2-91a2-41a475e39115,3cd8777a-1334-4164-b473-9809b5910861,2026-09-17T16:20:02+00,2026-09-17T16:20:02+00
4ff275a9-1f7e-4f5b-a11f-b88a3a915f2a,f37f9e27-268c-49a1-be3a-cf722ed3d48b,63605aa6-d4d2-4791-b97f-9b08f5c3f6a2,2026-09-10T21:26:57+00,2026-09-10T21:26:57+00
aa33d727-cd1e-4c3e-bdd3-707767094d2d,9937bb3c-c14e-4c6e-a02f-cc0ba7e326b6,f452cdf4-9099-449f-8345-e0a9eb870ac1,2026-09-22T04:00:13+00,2026-09-22T04:00:13+00
fc844811-eb05-431c-9dd1-f865c26f8066,5f4a0667-45b5-469d-b30e-8b5129c82f54,bb835672-3fcb-4bc3-88b4-dd26bd7f121a,2026-09-10T07:43:33+00,2026-09-10T07:43:33+00
2d5e7a81-2753-46bf-804d-087c18f78083,af1f384e-71f2-4620-a619-b67a7f0f1a84,c92e8cfd-4e24-4c44-b362-9f2cc7c8dc75,2026-09-22T08:04:50+00,2026-09-22T08:04:50+00
15086816-dafb-4531-8c08-927aa50bf233,4c7d3b7c-ba64-4329-a995-be4990a7b264,31057864-f831-4527-a600-41e31a067091,2026-09-01T23:22:29+00,2026-09-01T23:22:29+00
c9201ee8-e781-4ff4-8520-715a91c113eb,c865fd65-6910-45a5-9252-69f8fd02201b,fab85b51-d22f-44ec-b151-d9ccff8c1ace,2026-09-21T17:00:58+00,2026-09-21T17:00:58+00
b6d07999-7960-4c3e-823f-5fc5e2381e1c,ac121499-0280-4b23-88b0-0f925f3a301e,b6f7df8e-425b-4b69-9f7b-9707ee7cf94d,2026-09-22T11:48:28+00,2026-09-22T11:48:28+00
7eda2471-87dc-4a42-afe7-29d114950f6a,cb73a5d8-749e-41c6-8bbf-3539531312d2,468f69cd-8fbe-44d0-ae8d-5f3c98e4ae1f,2026-09-21T11:20:12+00,2026-09-21T11:20:12+00
24816a24-8145-4370-ad77-30875246da99,4dfbca3c-b477-47d5-81da-3552059e9654,08f4ec3b-9b4d-4624-bb3a-657139232f36,2026-09-18T16:47:47+00,2026-09-18T16:47:47+00
b151bf1b-9d5f-4c4c-baf7-ac46c8a3c22a,735fc5cb-dd91-46b6-94d6-d68143ec3f0e,7ee0434e-d019-42a0-a953-0f966f36bea5,2026-09-10T07:01:27+00,2026-09-10T07:01:27+00
cda33072-84a1-4f4c-a254-596279c027bb,721b08ab-8cae-4b82-a275-50139ff79484,1d683812-291b-4c0e-b846-c2f9912a79c7,2026-09-22T10:55:45+00,2026-09-22T10:55:45+00
13720320-4eef-4452-88a9-13471b40cd82,735fc5cb-dd91-46b6-94d6-d68143ec3f0e,35396ef5-bc74-43ed-a941-b538fad051f3,2026-09-17T21:57:20+00,2026-09-17T21:57:20+00
9cd0aaf9-5623-416e-97ce-10c5933197c1,20a3c832-08ce-446f-b7f8-e12e142db636,32fb17f1-7d33-4907-b167-2785deb49bb8,2026-08-24T20:27:26+00,2026-08-24T20:27:26+00
3d39fc86-d556-46f9-893b-0c9177818e20,5f4a0667-45b5-469d-b30e-8b5129c82f54,16d52b0d-4337-4352-9d01-aab6ceea8b7b,2026-09-18T21:39:22+00,2026-09-18T21:39:22+00
9deb69e5-f204-4ffb-811d-3b7594a8116e,c739f2fc-dd85-46be-b5e8-6d764a514508,2be3c3fc-ac0c-4463-86c4-bf9fadce2a23,2026-09-19T09:45:59+00,2026-09-19T09:45:59+00
aecf9d2d-fe3a-426d-8fa3-d15ade8c8796,7c912978-b1d3-4b80-862a-cf640b4d54dd,604517f6-afd6-4974-9e8f-1bb464ed9b79,2026-09-15T23:09:57+00,2026-09-15T23:09:57+00
253480cb-2178-4e63-932a-30c6e5d47bc3,cccb5524-84e6-4404-bf62-c525a9439bd7,e95a5f51-bebf-4ec6-ba63-e50a45a5bcb1,2026-09-19T20:15:32+00,2026-09-19T20:15:32+00
4688ea34-0eb4-4757-93de-eca35a4c848d,e9878408-1451-428d-bdcf-52911cf0b046,cd292742-c294-4c6f-a2d3-6ceeff622fa3,2026-09-21T18:35:34+00,2026-09-21T18:35:34+00
1dc618d8-841d-4f9a-b2f0-49e95f0fb0d2,f37f9e27-268c-49a1-be3a-cf722ed3d48b,230fa550-1848-4a6b-a552-51c1ce047b4f,2026-09-14T08:04:43+00,2026-09-14T08:04:43+00
9318ef18-f332-4547-b03f-d324afb5c589,ac6675e6-0b38-42d4-bf38-8959faea8863,1d6e52b9-e368-46f4-b232-9a504be2e387,2026-08-25T17:43:22+00,2026-08-25T17:43:22+00
6c44a1cb-7fb0-450c-ae54-88fea963ca17,ac6675e6-0b38-42d4-bf38-8959faea8863,1d6e52b9-e368-46f4-b232-9a504be2e387,2026-09-17T02:59:59+00,2026-09-17T02:59:59+00
04cffffb-74b1-4ab5-8220-8c06585b75a1,7c912978-b1d3-4b80-862a-cf640b4d54dd,19ee7d08-f4f8-44b3-a728-150a15c26889,2026-08-25T15:08:21+00,2026-08-25T15:08:21+00
22ccb451-3bf0-45c7-9c3f-f5889fd7d60d,144d9db2-8702-4b92-9711-0a57a3faa7c8,100d47d8-b9d2-4bbb-8f6f-1d9f55f47bb2,2026-09-20T11:43:48+00,2026-09-20T11:43:48+00
3e755952-d139-4c78-878c-6faa556d5814,5761bde8-ab17-4155-9890-228859ae9d8c,dae1e1c6-681f-4605-bf23-0df8425a5fdd,2026-09-21T09:19:49+00,2026-09-21T09:19:49+00
2325245f-7778-4309-85a4-72da90e6f989,efbc2aeb-f83f-4d5d-9753-1c1696c6a099,71053ed1-366a-4240-9c59-5f2484cff2d1,2026-09-17T15:38:56+00,2026-09-17T15:38:56+00
81588b1c-9637-49f1-9a02-0c3c869f7baf,4dfbca3c-b477-47d5-81da-3552059e9654,de20ec2b-54f5-4ce3-a949-e09863a2cbe5,2026-08-28T02:08:02+00,2026-08-28T02:08:02+00
87ace986-68f8-4ba5-9fa7-ddbfe8b6144e,19367001-6484-4ad9-9f0d-fa10ce6462b6,28971ae8-8a93-4306-b905-42c0db937799,2026-09-16T10:32:00+00,2026-09-16T10:32:00+00
864b2aaf-ffee-40f2-a30e-25403ab3d6e4,27aa2626-9c22-4ce9-b460-802788397fab,59f45848-7440-4fc1-b3b3-7d746982d57b,2026-09-22T04:43:07+00,2026-09-22T04:43:07+00
cb0b22b4-5b6c-4ce7-ba14-32fbc64b5442,144d9db2-8702-4b92-9711-0a57a3faa7c8,40e48a68-9466-42e6-8e9b-9443af4d1576,2026-09-14T11:26:57+00,2026-09-14T11:26:57+00
ffbac51b-9762-4ece-b97c-0725fcb2c950,b40e34f2-cd9d-4c15-b942-eeb1cdac5e68,c41e6383-8a80-4c12-ab05-a9378261fe60,2026-09-10T16:32:07+00,2026-09-10T16:32:07+00
d6c7d72a-8803-4c29-8fa4-75e3361a0ede,7436818b-8528-444b-ab38-4a58222f7851,86b814c2-128e-465f-811c-b241a626851f,2026-09-22T07:26:47+00,2026-09-22T07:26:47+00
bf422b97-96db-481f-bd7e-39c9456a4587,4c7d3b7c-ba64-4329-a995-be4990a7b264,fc91640c-4b31-406c-9f6f-71c5be47c422,2026-09-10T05:53:12+00,2026-09-10T05:53:12+00
c2ff65e1-5e54-4fbb-9d79-1c05e2fe1432,cccb5524-84e6-4404-bf62-c525a9439bd7,100d47d8-b9d2-4bbb-8f6f-1d9f55f47bb2,2026-09-21T09:34:52+00,2026-09-21T09:34:52+00
d1214a14-517d-4ea1-b8ae-66705301b964,4dfbca3c-b477-47d5-81da-3552059e9654,7f680da9-6337-41e4-9ce6-230190f5f088,2026-09-09T09:55:53+00,2026-09-09T09:55:53+00
08ce3a2d-d83b-47d4-abbb-7b2e97f4d501,9937bb3c-c14e-4c6e-a02f-cc0ba7e326b6,aa7170e7-db18-4a57-8809-3ce5b9252e02,2026-09-11T13:01:57+00,2026-09-11T13:01:57+00
360ce6a6-131f-4c45-afcb-7e52622b1715,5761bde8-ab17-4155-9890-228859ae9d8c,63605aa6-d4d2-4791-b97f-9b08f5c3f6a2,2026-09-12T18:23:24+00,2026-09-12T18:23:24+00
451f8725-e43e-4f41-ae1a-c6a4b9b8d1ef,721b08ab-8cae-4b82-a275-50139ff79484,9dabba0a-03cb-4316-9ead-56cfd053fcd1,2026-09-03T16:53:35+00,2026-09-03T16:53:35+00
94cc5a59-92a7-481a-922f-659a94bdf2fd,4628006c-2634-45e2-91a2-41a475e39115,dae1e1c6-681f-4605-bf23-0df8425a5fdd,2026-09-10T21:07:57+00,2026-09-10T21:07:57+00
d7d883cb-6569-43a1-87db-5c322c4ff28d,efbc2aeb-f83f-4d5d-9753-1c1696c6a099,28971ae8-8a93-4306-b905-42c0db937799,2026-09-09T08:17:06+00,2026-09-09T08:17:06+00
aeec7749-ce5b-406b-9c17-461d1978a4a2,3d51eefd-8b09-49a2-8ad2-305676775b05,cd6e2a5f-4785-4502-80b0-f411c7e85451,2026-08-31T17:10:49+00,2026-08-31T17:10:49+00
d0d117ac-b4c4-495a-9f04-89d22d88d034,7c912978-b1d3-4b80-862a-cf640b4d54dd,4176f906-990e-451b-a1af-493bedb70181,2026-09-16T15:43:15+00,2026-09-16T15:43:15+00
6fd0e452-8e41-44c3-862b-357b760c087c,ac121499-0280-4b23-88b0-0f925f3a301e,9cb07d8a-ba95-4bde-ad74-dfc40f4d1a35,2026-09-22T09:32:40+00,2026-09-22T09:32:40+00
022ebaee-4f9c-4492-9c5b-e315fec2e961,b40e34f2-cd9d-4c15-b942-eeb1cdac5e68,8d7bcb69-b06a-4c91-8bee-fbaa7dc12271,2026-09-03T07:22:32+00,2026-09-03T07:22:32+00
683e9a0e-aea4-44bd-99b8-5a2ec1ace12a,735fc5cb-dd91-46b6-94d6-d68143ec3f0e,cdd1e069-d112-4d84-9abb-793702ad876d,2026-09-22T03:12:02+00,2026-09-22T03:12:02+00
5f0a9595-26e7-424d-a5b8-0fea0cd38a30,eaba9a70-e32b-43b0-a1ca-9d8c50e909d3,e76d5df1-cc89-4822-b51d-c4d5c9956793,2026-09-06T19:17:18+00,2026-09-06T19:17:18+00
060f85c0-a838-45d5-85b4-75e8bdc3b150,ef9245ec-a5b3-4e80-89e5-bcef7b11578c,59f45848-7440-4fc1-b3b3-7d746982d57b,2026-09-20T23:11:05+00,2026-09-20T23:11:05+00
df3ec65f-cdee-4196-8338-d53945bd68d0,20a3c832-08ce-446f-b7f8-e12e142db636,40e48a68-9466-42e6-8e9b-9443af4d1576,2026-09-11T20:08:10+00,2026-09-11T20:08:10+00
c75385f3-8af7-4190-9563-d5de15399581,c68d9407-3284-43e1-b16e-85a8ae34979b,7f680da9-6337-41e4-9ce6-230190f5f088,2026-09-12T18:29:29+00,2026-09-12T18:29:29+00
aa6dee17-b8b7-4569-b705-cae303ee3a89,735fc5cb-dd91-46b6-94d6-d68143ec3f0e,44b82e25-5485-4a59-847a-1e488cdf7fae,2026-09-10T15:58:09+00,2026-09-10T15:58:09+00
e293af3b-2815-41a0-ae0c-af24e3069c70,20a3c832-08ce-446f-b7f8-e12e142db636,e5a93436-38e6-45e0-bb9d-4cff54dfbdf2,2026-09-20T17:00:56+00,2026-09-20T17:00:56+00
7ad3a23e-8e30-4b04-819f-6bee4dbfbc79,19367001-6484-4ad9-9f0d-fa10ce6462b6,7d34d202-32a8-4c33-9ff3-b10d0c9860f8,2026-09-22T06:48:26+00,2026-09-22T06:48:26+00
ea155979-e644-45fd-ac58-984127b6f640,ac6675e6-0b38-42d4-bf38-8959faea8863,e5a93436-38e6-45e0-bb9d-4cff54dfbdf2,2026-09-19T09:10:47+00,2026-09-19T09:10:47+00
af18b3a7-9503-417f-a8d7-33632e9da069,581ab6c1-719f-4c66-be38-a82e60863626,28971ae8-8a93-4306-b905-42c0db937799,2026-09-16T20:59:12+00,2026-09-16T20:59:12+00
e744af9d-d5fd-4b26-a82a-e2dbc37a90cb,85830fbe-7792-4344-8e85-6c33e9f1f368,72e7ee8b-cd7b-464b-a0d9-5dfa6071f45b,2026-09-21T05:14:49+00,2026-09-21T05:14:49+00
963ca069-a624-42c1-bfd7-794e6d688279,4c7d3b7c-ba64-4329-a995-be4990a7b264,4a9b629f-a02d-4e97-ab67-5c0a947a018a,2026-09-15T11:15:47+00,2026-09-15T11:15:47+00
68bf4297-1bbb-4d7c-b9c4-d430b8b3b37a,735fc5cb-dd91-46b6-94d6-d68143ec3f0e,b2140be7-fa6f-4dbf-aefb-46c9c2b433aa,2026-09-20T12:24:54+00,2026-09-20T12:24:54+00
e9538cf4-451c-4628-8357-3bcc542d1391,5f4a0667-45b5-469d-b30e-8b5129c82f54,01862663-a932-404d-8369-32f39f55179f,2026-09-05T11:05:33+00,2026-09-05T11:05:33+00
368a62bb-ecae-4ddb-9c77-f3d4eed0ffb9,eaba9a70-e32b-43b0-a1ca-9d8c50e909d3,28971ae8-8a93-4306-b905-42c0db937799,2026-09-16T22:50:21+00,2026-09-16T22:50:21+00
fa4254ae-ed5f-4cf3-82f4-b583edd96546,72e65af5-9e91-4099-88c2-8972779d4108,d6afc1db-3fef-4d14-a210-bf8053846bad,2026-09-09T02:20:33+00,2026-09-09T02:20:33+00
f6253dd6-a11b-4044-8b6f-5736b261736f,144d9db2-8702-4b92-9711-0a57a3faa7c8,7ee0434e-d019-42a0-a953-0f966f36bea5,2026-09-11T11:35:44+00,2026-09-11T11:35:44+00
c37ffcea-88e5-407c-b562-8f986ca8657d,85830fbe-7792-4344-8e85-6c33e9f1f368,d8d690e7-8aa4-4544-8d95-a8c06ad5f40b,2026-09-05T15:15:28+00,2026-09-05T15:15:28+00
2f31a467-40c6-46e7-a7b6-fb1ee0112df7,05f06301-174c-4ce0-88f7-31f622e82235,100d47d8-b9d2-4bbb-8f6f-1d9f55f47bb2,2026-09-12T14:27:36+00,2026-09-12T14:27:36+00
817a3309-e618-4c70-8d34-7e4f6a19ae62,581ab6c1-719f-4c66-be38-a82e60863626,7a6fafdf-a775-4c14-98bd-ac51221e0cbb,2026-09-22T10:20:52+00,2026-09-22T10:20:52+00
ddaa26c0-f27b-4034-908b-8a22c52c695d,cb73a5d8-749e-41c6-8bbf-3539531312d2,9267ea31-35d5-49ef-8e0f-0a2f29735c8c,2026-09-16T17:01:29+00,2026-09-16T17:01:29+00
0553425b-9a10-4363-a3c0-6153c0a0dd99,35732930-67f3-4140-8997-66b3e77e7014,cd292742-c294-4c6f-a2d3-6ceeff622fa3,2026-09-09T10:03:49+00,2026-09-09T10:03:49+00
333c3a26-9460-4a9a-ad8c-8337ce4b12df,c68d9407-3284-43e1-b16e-85a8ae34979b,19ee7d08-f4f8-44b3-a728-150a15c26889,2026-09-02T22:26:22+00,2026-09-02T22:26:22+00
7222dbb5-dedf-4d87-8068-873b743d228c,cccb5524-84e6-4404-bf62-c525a9439bd7,16d52b0d-4337-4352-9d01-aab6ceea8b7b,2026-09-15T06:08:32+00,2026-09-15T06:08:32+00
0e196aeb-f9b9-4d1d-b93e-47acb8f49ce8,721b08ab-8cae-4b82-a275-50139ff79484,40e48a68-9466-42e6-8e9b-9443af4d1576,2026-09-17T09:01:05+00,2026-09-17T09:01:05+00
63d9eef5-7ffc-44cb-8222-f041b1b86a7b,ac121499-0280-4b23-88b0-0f925f3a301e,d95e9185-0290-480e-8b9f-4ee42423352e,2026-09-20T02:54:19+00,2026-09-20T02:54:19+00
67762960-873d-4f8e-aaf1-43a341814278,cccb5524-84e6-4404-bf62-c525a9439bd7,fc91640c-4b31-406c-9f6f-71c5be47c422,2026-09-17T12:25:34+00,2026-09-17T12:25:34+00
b6f4d874-6a72-42b5-bb68-1e3d04d4220a,ef9245ec-a5b3-4e80-89e5-bcef7b11578c,bb835672-3fcb-4bc3-88b4-dd26bd7f121a,2026-09-03T02:04:53+00,2026-09-03T02:04:53+00
2fffdd8a-b92d-44a9-95b0-5976e069143f,9937bb3c-c14e-4c6e-a02f-cc0ba7e326b6,d95e9185-0290-480e-8b9f-4ee42423352e,2026-09-22T09:33:12+00,2026-09-22T09:33:12+00
355e1d33-79fb-4ee4-b655-feb160bf5c03,cccb5524-84e6-4404-bf62-c525a9439bd7,ca2a5e34-dd21-4cac-9354-633c4857c0c7,2026-09-04T06:23:42+00,2026-09-04T06:23:42+00
56f75d46-19ae-41ff-995c-8d8f3ddd6df9,5f4a0667-45b5-469d-b30e-8b5129c82f54,023faaaa-5a37-4bf8-8060-85dfa768feb5,2026-09-21T10:50:14+00,2026-09-21T10:50:14+00
9e176984-bbb9-410a-8928-3c47567b8797,f37f9e27-268c-49a1-be3a-cf722ed3d48b,e76d5df1-cc89-4822-b51d-c4d5c9956793,2026-09-12T07:17:19+00,2026-09-12T07:17:19+00
8afe3b11-f6f0-4487-8bc3-1e122f490594,20a3c832-08ce-446f-b7f8-e12e142db636,e5a93436-38e6-45e0-bb9d-4cff54dfbdf2,2026-08-24T14:40:55+00,2026-08-24T14:40:55+00
1b24e43a-744c-438b-a47d-94285e73d499,20a3c832-08ce-446f-b7f8-e12e142db636,44b82e25-5485-4a59-847a-1e488cdf7fae,2026-08-29T14:04:25+00,2026-08-29T14:04:25+00
c8079c09-29c5-486f-b96e-7c1a4c1cae35,cb73a5d8-749e-41c6-8bbf-3539531312d2,9267ea31-35d5-49ef-8e0f-0a2f29735c8c,2026-09-14T04:16:13+00,2026-09-14T04:16:13+00
54b32ca9-df23-40e2-9929-aba1079936c7,af1f384e-71f2-4620-a619-b67a7f0f1a84,230fa550-1848-4a6b-a552-51c1ce047b4f,2026-09-21T08:57:36+00,2026-09-21T08:57:36+00
d22177b6-dc6c-4316-b38a-c6cb02f59352,05f06301-174c-4ce0-88f7-31f622e82235,35396ef5-bc74-43ed-a941-b538fad051f3,2026-09-22T10:25:02+00,2026-09-22T10:25:02+00
342d0fc2-f438-4245-b1a7-8b65a6743502,20a3c832-08ce-446f-b7f8-e12e142db636,3cd8777a-1334-4164-b473-9809b5910861,2026-09-21T20:58:18+00,2026-09-21T20:58:18+00
371c9d35-da3e-4a15-9125-6331f4389ed4,5f4a0667-45b5-469d-b30e-8b5129c82f54,e76d5df1-cc89-4822-b51d-c4d5c9956793,2026-09-15T10:34:35+00,2026-09-15T10:34:35+00
66c7fa54-6a4c-4ed3-8796-01a3dceec9a9,7c912978-b1d3-4b80-862a-cf640b4d54dd,a0271692-7ba5-47e3-8a4c-25d31a3e1868,2026-09-21T07:05:38+00,2026-09-21T07:05:38+00
55219898-4675-4b67-83cf-0bad736b9199,efbc2aeb-f83f-4d5d-9753-1c1696c6a099,9faa224c-92ff-4e93-a501-dcb594dc7e0a,2026-09-18T06:23:36+00,2026-09-18T06:23:36+00
688427bc-8615-4ab1-af3d-de3f4f7cdb03,ac6675e6-0b38-42d4-bf38-8959faea8863,16d52b0d-4337-4352-9d01-aab6ceea8b7b,2026-09-22T11:19:13+00,2026-09-22T11:19:13+00
5823a711-56ff-4cf8-a259-11f2e5f8e54b,cb73a5d8-749e-41c6-8bbf-3539531312d2,63605aa6-d4d2-4791-b97f-9b08f5c3f6a2,2026-08-26T04:39:59+00,2026-08-26T04:39:59+00
9a0b9b5d-9f4a-43ef-8883-e7ae809e4c90,5761bde8-ab17-4155-9890-228859ae9d8c,7d34d202-32a8-4c33-9ff3-b10d0c9860f8,2026-09-15T02:12:17+00,2026-09-15T02:12:17+00
8d5955ad-df0c-42c1-bcc1-f4f1e5344111,f37f9e27-268c-49a1-be3a-cf722ed3d48b,100d47d8-b9d2-4bbb-8f6f-1d9f55f47bb2,2026-09-11T08:52:29+00,2026-09-11T08:52:29+00
2bc66d33-9b7f-432a-9f00-d08af5165e69,cb73a5d8-749e-41c6-8bbf-3539531312d2,a0271692-7ba5-47e3-8a4c-25d31a3e1868,2026-09-07T09:25:25+00,2026-09-07T09:25:25+00
dddce9c7-3877-45fb-8c96-195f20d6cee1,27aa2626-9c22-4ce9-b460-802788397fab,1d6e52b9-e368-46f4-b232-9a504be2e387,2026-08-29T13:21:07+00,2026-08-29T13:21:07+00
8d57c13c-5f57-48ea-9187-9675558a6653,af1f384e-71f2-4620-a619-b67a7f0f1a84,b2140be7-fa6f-4dbf-aefb-46c9c2b433aa,2026-09-10T17:41:16+00,2026-09-10T17:41:16+00
80d8b9b8-41c1-45b3-b9d0-6bdb23dd629e,4c7d3b7c-ba64-4329-a995-be4990a7b264,de20ec2b-54f5-4ce3-a949-e09863a2cbe5,2026-09-20T20:49:29+00,2026-09-20T20:49:29+00
a6153c65-cc7a-4051-b789-6d9afc41ed41,72e65af5-9e91-4099-88c2-8972779d4108,e76d5df1-cc89-4822-b51d-c4d5c9956793,2026-09-18T10:33:42+00,2026-09-18T10:33:42+00
7c2ade2c-7aeb-4dce-90bb-5db1b35b3dcd,20a3c832-08ce-446f-b7f8-e12e142db636,5fb6d349-a8fc-4b18-b122-be1159db8c77,2026-09-20T11:41:59+00,2026-09-20T11:41:59+00
1bb59c85-11d4-4090-997b-bfba32e46aaa,19367001-6484-4ad9-9f0d-fa10ce6462b6,c23358d7-631c-4cc2-a49f-718ce03f4d85,2026-09-21T23:32:17+00,2026-09-21T23:32:17+00
8b74960d-af7a-445c-8aff-14c57a8d48a0,72e65af5-9e91-4099-88c2-8972779d4108,d6afc1db-3fef-4d14-a210-bf8053846bad,2026-09-04T11:29:52+00,2026-09-04T11:29:52+00
167fbfb9-21a0-46db-8de3-e04b70f6350a,c739f2fc-dd85-46be-b5e8-6d764a514508,e0197eb8-420e-46c2-ab4c-7353ce93fe44,2026-09-22T11:24:42+00,2026-09-22T11:24:42+00
d6958f61-47ac-4217-81ff-ff8366860718,4c7d3b7c-ba64-4329-a995-be4990a7b264,b2140be7-fa6f-4dbf-aefb-46c9c2b433aa,2026-09-07T01:01:13+00,2026-09-07T01:01:13+00
d18b5e50-2ee3-49ce-841f-baa56fc04cd9,c739f2fc-dd85-46be-b5e8-6d764a514508,fdc7191b-7a11-4e94-a305-95e8773f4841,2026-09-10T09:13:18+00,2026-09-10T09:13:18+00
3a46e87d-16c9-416c-8c80-068ae0092e9a,5761bde8-ab17-4155-9890-228859ae9d8c,bb835672-3fcb-4bc3-88b4-dd26bd7f121a,2026-09-11T10:24:15+00,2026-09-11T10:24:15+00
f62367c0-f27a-4747-a944-946ab3ce686e,ac6675e6-0b38-42d4-bf38-8959faea8863,9cb07d8a-ba95-4bde-ad74-dfc40f4d1a35,2026-09-22T03:19:22+00,2026-09-22T03:19:22+00
5eacf40f-fe8a-44d2-bc74-569ba4fe8ed6,4c7d3b7c-ba64-4329-a995-be4990a7b264,aa7170e7-db18-4a57-8809-3ce5b9252e02,2026-09-14T14:28:31+00,2026-09-14T14:28:31+00
74464ba4-8075-4621-b627-88581525827d,27aa2626-9c22-4ce9-b460-802788397fab,7a6fafdf-a775-4c14-98bd-ac51221e0cbb,2026-09-22T00:32:29+00,2026-09-22T00:32:29+00
21365b2f-6394-47b2-a6dd-bbef88ec0850,eaba9a70-e32b-43b0-a1ca-9d8c50e909d3,bb835672-3fcb-4bc3-88b4-dd26bd7f121a,2026-09-16T19:00:13+00,2026-09-16T19:00:13+00
5fcfe836-6546-4eb0-8ac8-d43f515524de,ac6675e6-0b38-42d4-bf38-8959faea8863,440dc5fc-7d69-4f9b-a98a-c9626a1e058c,2026-09-03T16:06:32+00,2026-09-03T16:06:32+00
e8c2851f-f2f3-4784-9677-7ac5cdbb67f8,20a3c832-08ce-446f-b7f8-e12e142db636,59f45848-7440-4fc1-b3b3-7d746982d57b,2026-09-21T01:38:17+00,2026-09-21T01:38:17+00
c8251a1a-28dd-4fbc-bc78-985f746dd7cf,7436818b-8528-444b-ab38-4a58222f7851,59f45848-7440-4fc1-b3b3-7d746982d57b,2026-09-22T11:48:15+00,2026-09-22T11:48:15+00
8c74877c-e820-4b77-8998-7b87238a6abf,144d9db2-8702-4b92-9711-0a57a3faa7c8,cd6e2a5f-4785-4502-80b0-f411c7e85451,2026-09-22T05:20:00+00,2026-09-22T05:20:00+00
146521b9-5ab8-4af9-8b1e-59f64a8e3b61,ac121499-0280-4b23-88b0-0f925f3a301e,31057864-f831-4527-a600-41e31a067091,2026-09-11T13:04:18+00,2026-09-11T13:04:18+00
1ef8e60f-b521-4321-91a0-92004694ed78,721b08ab-8cae-4b82-a275-50139ff79484,fdc7191b-7a11-4e94-a305-95e8773f4841,2026-09-21T00:04:50+00,2026-09-21T00:04:50+00
8befef17-caf6-454e-87f3-48c5f467fc24,e9878408-1451-428d-bdcf-52911cf0b046,d7741da8-8db4-4a40-8c15-497191baf76e,2026-09-18T01:29:53+00,2026-09-18T01:29:53+00
10e7a30d-8a7b-4ae6-b9e2-b7930f48c1d2,9937bb3c-c14e-4c6e-a02f-cc0ba7e326b6,172a42a6-2556-401d-8d59-a95829c0b049,2026-09-19T00:17:48+00,2026-09-19T00:17:48+00
be388914-8fc2-489e-a320-4a063682c98c,f37f9e27-268c-49a1-be3a-cf722ed3d48b,7d34d202-32a8-4c33-9ff3-b10d0c9860f8,2026-09-15T22:12:47+00,2026-09-15T22:12:47+00
bd9e038d-7ccb-4b34-81fe-b94d14eef8f6,4628006c-2634-45e2-91a2-41a475e39115,d7741da8-8db4-4a40-8c15-497191baf76e,2026-09-19T15:33:15+00,2026-09-19T15:33:15+00
b7b7d74d-598b-47e7-9c5b-e5af4c4cea66,e9878408-1451-428d-bdcf-52911cf0b046,71053ed1-366a-4240-9c59-5f2484cff2d1,2026-09-12T14:44:00+00,2026-09-12T14:44:00+00
f16a320b-b462-4a11-9f05-811e2d748d3f,9937bb3c-c14e-4c6e-a02f-cc0ba7e326b6,01862663-a932-404d-8369-32f39f55179f,2026-09-17T08:55:41+00,2026-09-17T08:55:41+00
dd62ce30-cec4-4876-8b6f-7d2a3a2becde,144d9db2-8702-4b92-9711-0a57a3faa7c8,b6f7df8e-425b-4b69-9f7b-9707ee7cf94d,2026-09-22T09:45:06+00,2026-09-22T09:45:06+00
06061993-e49a-4677-85d0-0c6a3086fdb6,721b08ab-8cae-4b82-a275-50139ff79484,023faaaa-5a37-4bf8-8060-85dfa768feb5,2026-09-05T10:26:05+00,2026-09-05T10:26:05+00
1fbe13f7-102c-41ad-b9a2-7d375aaa86a4,735fc5cb-dd91-46b6-94d6-d68143ec3f0e,fc91640c-4b31-406c-9f6f-71c5be47c422,2026-09-21T18:26:00+00,2026-09-21T18:26:00+00
e1c4a589-3513-4db6-bf77-e515647b0c1f,eaba9a70-e32b-43b0-a1ca-9d8c50e909d3,d8d690e7-8aa4-4544-8d95-a8c06ad5f40b,2026-08-30T03:04:24+00,2026-08-30T03:04:24+00
d4f70839-c61e-49b6-8991-3be35d67d8f7,735fc5cb-dd91-46b6-94d6-d68143ec3f0e,dae1e1c6-681f-4605-bf23-0df8425a5fdd,2026-09-21T15:22:36+00,2026-09-21T15:22:36+00
74da2866-21b1-4e8c-8840-cb3af0badd1f,e9878408-1451-428d-bdcf-52911cf0b046,de20ec2b-54f5-4ce3-a949-e09863a2cbe5,2026-08-28T05:20:10+00,2026-08-28T05:20:10+00
6eedd445-2449-4e57-be26-7aa2f1746d52,5761bde8-ab17-4155-9890-228859ae9d8c,cdbf5df9-22f7-4f20-ae16-4c4565d5849e,2026-09-22T11:25:40+00,2026-09-22T11:25:40+00
461d2eca-7536-419d-976b-dc425c79e4d0,5761bde8-ab17-4155-9890-228859ae9d8c,63605aa6-d4d2-4791-b97f-9b08f5c3f6a2,2026-08-26T22:24:36+00,2026-08-26T22:24:36+00
a2461498-d9e6-4ff2-bd89-8699964bec3b,cccb5524-84e6-4404-bf62-c525a9439bd7,a0271692-7ba5-47e3-8a4c-25d31a3e1868,2026-09-14T16:15:17+00,2026-09-14T16:15:17+00
01da4ec0-acea-42d1-abbf-9d41af8fdbc6,4628006c-2634-45e2-91a2-41a475e39115,84a5be0f-fe8b-4d0e-a578-f348351ee343,2026-09-21T03:32:52+00,2026-09-21T03:32:52+00
96069dd7-6c72-4f79-8e43-918bc30eac80,721b08ab-8cae-4b82-a275-50139ff79484,fab85b51-d22f-44ec-b151-d9ccff8c1ace,2026-09-14T02:17:06+00,2026-09-14T02:17:06+00
f4657078-0ebc-43c1-8ee6-f80f16fc4335,af1f384e-71f2-4620-a619-b67a7f0f1a84,080b61d6-0886-4803-b0c9-4ed29179dceb,2026-09-22T11:36:02+00,2026-09-22T11:36:02+00
859f56ea-879e-428a-99e3-c729de0016cb,af1f384e-71f2-4620-a619-b67a7f0f1a84,bb02f397-b7b6-43e3-90bd-50474f717c00,2026-09-15T20:22:10+00,2026-09-15T20:22:10+00
6a876968-2428-4432-92cb-ef8d642ce4cb,735fc5cb-dd91-46b6-94d6-d68143ec3f0e,0cfbc2fc-805b-4dcf-a363-2b03f80ab2b4,2026-09-22T08:35:16+00,2026-09-22T08:35:16+00
6bb32c74-4877-44d5-b350-ad319e46ae99,721b08ab-8cae-4b82-a275-50139ff79484,dae1e1c6-681f-4605-bf23-0df8425a5fdd,2026-08-23T13:52:22+00,2026-08-23T13:52:22+00
b6b957ea-f830-48f8-b318-8c63cb6bcc97,ac121499-0280-4b23-88b0-0f925f3a301e,1adf28c5-de8c-4c2f-b0a5-f561d3e54604,2026-09-05T11:40:40+00,2026-09-05T11:40:40+00
f68e0259-05b2-4879-950b-f619066fd386,9937bb3c-c14e-4c6e-a02f-cc0ba7e326b6,89e315ef-bcfc-4239-a666-5fb1b85059b0,2026-09-18T08:33:08+00,2026-09-18T08:33:08+00
2cad307a-3249-466e-b392-893a02a4a193,5761bde8-ab17-4155-9890-228859ae9d8c,4a9b629f-a02d-4e97-ab67-5c0a947a018a,2026-09-18T04:18:58+00,2026-09-18T04:18:58+00
702db319-9792-4e0c-96ef-d13103cda070,e9878408-1451-428d-bdcf-52911cf0b046,59f45848-7440-4fc1-b3b3-7d746982d57b,2026-09-22T01:51:40+00,2026-09-22T01:51:40+00
4518c2f8-5edc-46f2-8427-fac172354a04,5761bde8-ab17-4155-9890-228859ae9d8c,5fb6d349-a8fc-4b18-b122-be1159db8c77,2026-08-24T09:36:34+00,2026-08-24T09:36:34+00
b0a83b62-6860-4559-a0f4-40121d1930d9,27aa2626-9c22-4ce9-b460-802788397fab,17a9f10f-ffa1-48df-b16a-be436983e59d,2026-09-19T18:18:21+00,2026-09-19T18:18:21+00
37238fec-a1d8-4120-9f2e-2c071937438e,efbc2aeb-f83f-4d5d-9753-1c1696c6a099,0a33ce40-c0b9-4ddc-ba89-f34d2c5e19c6,2026-09-07T14:48:04+00,2026-09-07T14:48:04+00
b695fd43-c04a-4570-96b7-4406987242c8,cccb5524-84e6-4404-bf62-c525a9439bd7,e5a93436-38e6-45e0-bb9d-4cff54dfbdf2,2026-08-27T16:59:30+00,2026-08-27T16:59:30+00
cf8cfcd2-b784-4487-95e0-f366a8a1064b,85830fbe-7792-4344-8e85-6c33e9f1f368,9cb07d8a-ba95-4bde-ad74-dfc40f4d1a35,2026-09-22T04:20:56+00,2026-09-22T04:20:56+00
788c986a-b35c-444f-8902-365bff6c9924,606a0a59-c082-4179-8dea-ce74f437ed4e,32fb17f1-7d33-4907-b167-2785deb49bb8,2026-09-10T13:01:56+00,2026-09-10T13:01:56+00
4b29ef29-9d61-4964-806c-1b7d0084a1a5,4dfbca3c-b477-47d5-81da-3552059e9654,1d683812-291b-4c0e-b846-c2f9912a79c7,2026-09-22T00:08:58+00,2026-09-22T00:08:58+00
b741f1f8-b129-4c8b-b5a0-0de9cf265d4c,5f4a0667-45b5-469d-b30e-8b5129c82f54,7d0546c8-0b4c-487e-b81f-60f0ca99626e,2026-09-02T19:03:37+00,2026-09-02T19:03:37+00
15885b79-bd24-47ae-98eb-f9e22afc4f20,c68d9407-3284-43e1-b16e-85a8ae34979b,d95e9185-0290-480e-8b9f-4ee42423352e,2026-09-21T12:05:38+00,2026-09-21T12:05:38+00
7dd42f85-c24e-46bd-8865-a24da7e4fdb9,b40e34f2-cd9d-4c15-b942-eeb1cdac5e68,86b814c2-128e-465f-811c-b241a626851f,2026-09-22T06:40:41+00,2026-09-22T06:40:41+00
e5d2e916-daf9-45ce-8fe1-62e5a0936709,35732930-67f3-4140-8997-66b3e77e7014,100d47d8-b9d2-4bbb-8f6f-1d9f55f47bb2,2026-09-22T11:36:07+00,2026-09-22T11:36:07+00
18e9f162-88ab-4295-8a3b-d09c10bcf0f5,606a0a59-c082-4179-8dea-ce74f437ed4e,32fb17f1-7d33-4907-b167-2785deb49bb8,2026-09-22T05:18:59+00,2026-09-22T05:18:59+00
64794b1e-948f-4e31-a92a-4e3d7da0fe3b,735fc5cb-dd91-46b6-94d6-d68143ec3f0e,d43d8fb2-0841-4a99-ae02-6d88b5c5a5b7,2026-09-19T14:55:33+00,2026-09-19T14:55:33+00
407769ad-d2a8-4f6a-9a32-03273f82b20c,19367001-6484-4ad9-9f0d-fa10ce6462b6,a0271692-7ba5-47e3-8a4c-25d31a3e1868,2026-08-26T21:20:04+00,2026-08-26T21:20:04+00
1aa75915-c792-43e8-8aa7-f6c1ed527efb,b40e34f2-cd9d-4c15-b942-eeb1cdac5e68,e0197eb8-420e-46c2-ab4c-7353ce93fe44,2026-09-20T23:42:57+00,2026-09-20T23:42:57+00
3874956f-784d-439a-ae9a-8e58af8796f9,c865fd65-6910-45a5-9252-69f8fd02201b,bb02f397-b7b6-43e3-90bd-50474f717c00,2026-09-15T04:37:51+00,2026-09-15T04:37:51+00
f4292c61-b83b-434a-b112-7b986ada32e5,5f4a0667-45b5-469d-b30e-8b5129c82f54,a0271692-7ba5-47e3-8a4c-25d31a3e1868,2026-09-12T07:06:42+00,2026-09-12T07:06:42+00
7701bf6d-68e2-4b22-8814-2fd29a1f63c7,4628006c-2634-45e2-91a2-41a475e39115,fc91640c-4b31-406c-9f6f-71c5be47c422,2026-09-22T01:22:01+00,2026-09-22T01:22:01+00
346d21b1-6b2d-48d2-81ee-75769bef103c,606a0a59-c082-4179-8dea-ce74f437ed4e,023faaaa-5a37-4bf8-8060-85dfa768feb5,2026-09-13T00:50:32+00,2026-09-13T00:50:32+00
88336184-d583-4c06-9972-33bb2d0709b5,4c7d3b7c-ba64-4329-a995-be4990a7b264,230fa550-1848-4a6b-a552-51c1ce047b4f,2026-09-20T00:11:14+00,2026-09-20T00:11:14+00
28ca5572-28a6-4e93-86df-f0fc1618d81c,735fc5cb-dd91-46b6-94d6-d68143ec3f0e,89e315ef-bcfc-4239-a666-5fb1b85059b0,2026-09-19T19:53:25+00,2026-09-19T19:53:25+00
45c24b50-e62f-4662-9837-b4df437f3971,5f4a0667-45b5-469d-b30e-8b5129c82f54,cd292742-c294-4c6f-a2d3-6ceeff622fa3,2026-09-22T05:55:32+00,2026-09-22T05:55:32+00
6eb0ae48-19c3-44b4-9629-01f611a96a09,144d9db2-8702-4b92-9711-0a57a3faa7c8,59f45848-7440-4fc1-b3b3-7d746982d57b,2026-09-22T08:26:27+00,2026-09-22T08:26:27+00
97b36711-f918-4505-960c-4bb777a2573e,4628006c-2634-45e2-91a2-41a475e39115,9dabba0a-03cb-4316-9ead-56cfd053fcd1,2026-09-17T03:47:09+00,2026-09-17T03:47:09+00
a2f60e76-8452-4564-be90-191a3ce51a98,72e65af5-9e91-4099-88c2-8972779d4108,1c5bc96a-5239-4631-b45a-b14aca7bc5a8,2026-09-08T00:06:38+00,2026-09-08T00:06:38+00
176ef38e-4125-4ff2-b9e4-217f157390bd,9937bb3c-c14e-4c6e-a02f-cc0ba7e326b6,08f4ec3b-9b4d-4624-bb3a-657139232f36,2026-09-20T07:39:09+00,2026-09-20T07:39:09+00
97506dbe-b092-42ae-b0b8-ceff1b5a0484,efbc2aeb-f83f-4d5d-9753-1c1696c6a099,8d7bcb69-b06a-4c91-8bee-fbaa7dc12271,2026-09-21T12:47:29+00,2026-09-21T12:47:29+00
bcfe3094-1ccf-4648-bedf-570c2f9e38be,9937bb3c-c14e-4c6e-a02f-cc0ba7e326b6,28971ae8-8a93-4306-b905-42c0db937799,2026-09-16T05:52:09+00,2026-09-16T05:52:09+00
14d0f03b-f402-4487-bdd0-160274b23b4a,cb73a5d8-749e-41c6-8bbf-3539531312d2,3cd8777a-1334-4164-b473-9809b5910861,2026-09-14T10:15:46+00,2026-09-14T10:15:46+00
9df42008-2356-4796-87c5-3c5afec90522,19367001-6484-4ad9-9f0d-fa10ce6462b6,5d563e21-9d3b-40c2-a5e5-31c0ca59c1d0,2026-09-16T04:04:39+00,2026-09-16T04:04:39+00
7546408d-bd5a-4913-a7cb-1f41581b6109,cb73a5d8-749e-41c6-8bbf-3539531312d2,d7741da8-8db4-4a40-8c15-497191baf76e,2026-09-22T11:15:36+00,2026-09-22T11:15:36+00
161719df-81f1-4d60-bb65-de907633dc13,ac121499-0280-4b23-88b0-0f925f3a301e,71b2eb75-408e-484e-bdba-e872ca870fdd,2026-09-02T20:15:39+00,2026-09-02T20:15:39+00
00cdce8a-4ad2-4054-b0c5-4deaff78ce2c,cb73a5d8-749e-41c6-8bbf-3539531312d2,5dd01e58-3885-48cd-b9ae-835c34be6be3,2026-08-30T07:16:41+00,2026-08-30T07:16:41+00
0325e264-754e-4961-9838-b2bad16a343a,9937bb3c-c14e-4c6e-a02f-cc0ba7e326b6,172a42a6-2556-401d-8d59-a95829c0b049,2026-09-18T15:30:05+00,2026-09-18T15:30:05+00
866d0a88-59ea-4685-9dbb-48089b63a22c,cccb5524-84e6-4404-bf62-c525a9439bd7,7d34d202-32a8-4c33-9ff3-b10d0c9860f8,2026-09-06T16:20:55+00,2026-09-06T16:20:55+00
972d4e95-81f1-426b-a684-5e7e6e5b6259,4dfbca3c-b477-47d5-81da-3552059e9654,2be3c3fc-ac0c-4463-86c4-bf9fadce2a23,2026-09-14T02:43:41+00,2026-09-14T02:43:41+00
3623f787-d590-4bbf-b5b6-c4be208619e2,35732930-67f3-4140-8997-66b3e77e7014,f452cdf4-9099-449f-8345-e0a9eb870ac1,2026-09-22T06:11:37+00,2026-09-22T06:11:37+00
67dda582-b230-4ced-bbc4-7738a92678e2,4dfbca3c-b477-47d5-81da-3552059e9654,59f45848-7440-4fc1-b3b3-7d746982d57b,2026-09-20T10:43:12+00,2026-09-20T10:43:12+00
cee9d222-8a83-47ef-a113-7ace8e6a7335,85830fbe-7792-4344-8e85-6c33e9f1f368,a493474e-db90-45ba-8b0e-5b12946ea9fe,2026-09-18T05:09:19+00,2026-09-18T05:09:19+00
bbebf8fe-02cb-446c-a220-25ff03381867,9937bb3c-c14e-4c6e-a02f-cc0ba7e326b6,e9a6a245-d0e2-4e67-bf1d-1313956679ab,2026-09-18T20:15:09+00,2026-09-18T20:15:09+00
bc6e1158-201e-42cf-b02a-b8b85b3abd70,cccb5524-84e6-4404-bf62-c525a9439bd7,604517f6-afd6-4974-9e8f-1bb464ed9b79,2026-09-14T03:27:06+00,2026-09-14T03:27:06+00
561a1509-02c2-46cc-aa3b-9b3cb1f41b8f,f37f9e27-268c-49a1-be3a-cf722ed3d48b,cd292742-c294-4c6f-a2d3-6ceeff622fa3,2026-09-11T23:52:33+00,2026-09-11T23:52:33+00
83528f05-7e52-4b29-83e7-3dda990c12c5,cccb5524-84e6-4404-bf62-c525a9439bd7,142ae8fb-37f7-455e-9c4c-6bff24e13411,2026-09-01T23:26:13+00,2026-09-01T23:26:13+00
bf44a2de-1df8-4b53-8efe-4d2af734ea2a,721b08ab-8cae-4b82-a275-50139ff79484,d43d8fb2-0841-4a99-ae02-6d88b5c5a5b7,2026-09-11T15:11:45+00,2026-09-11T15:11:45+00
5692985a-e543-485b-b890-1d594d106a4c,20a3c832-08ce-446f-b7f8-e12e142db636,fab85b51-d22f-44ec-b151-d9ccff8c1ace,2026-09-21T19:02:02+00,2026-09-21T19:02:02+00
262caf70-9680-4851-aaff-c220561a4f98,cccb5524-84e6-4404-bf62-c525a9439bd7,604517f6-afd6-4974-9e8f-1bb464ed9b79,2026-09-09T21:26:27+00,2026-09-09T21:26:27+00
65738904-a9a8-43f1-8630-6c6aa78be1ae,eaba9a70-e32b-43b0-a1ca-9d8c50e909d3,31057864-f831-4527-a600-41e31a067091,2026-09-10T03:02:23+00,2026-09-10T03:02:23+00
a8c989de-9e01-4b58-85c0-0ab8280aa143,05f06301-174c-4ce0-88f7-31f622e82235,71b2eb75-408e-484e-bdba-e872ca870fdd,2026-09-11T20:56:17+00,2026-09-11T20:56:17+00
385d3b53-a698-4968-9a4a-55a973b6ad4e,27aa2626-9c22-4ce9-b460-802788397fab,e5a93436-38e6-45e0-bb9d-4cff54dfbdf2,2026-09-07T21:32:01+00,2026-09-07T21:32:01+00
93737dc0-9929-4d1b-bb52-16bf8de3877e,27aa2626-9c22-4ce9-b460-802788397fab,a493474e-db90-45ba-8b0e-5b12946ea9fe,2026-09-15T02:09:48+00,2026-09-15T02:09:48+00
d9a6a887-a0b1-4fa1-a374-7858673b66d2,efbc2aeb-f83f-4d5d-9753-1c1696c6a099,5d563e21-9d3b-40c2-a5e5-31c0ca59c1d0,2026-09-20T23:32:21+00,2026-09-20T23:32:21+00
f1f7f0f2-e721-48cc-8471-247906da8fee,eaba9a70-e32b-43b0-a1ca-9d8c50e909d3,3cd8777a-1334-4164-b473-9809b5910861,2026-09-15T00:57:13+00,2026-09-15T00:57:13+00
d6cd6969-e820-47cb-b659-a5b745509444,721b08ab-8cae-4b82-a275-50139ff79484,1adf28c5-de8c-4c2f-b0a5-f561d3e54604,2026-08-27T03:52:17+00,2026-08-27T03:52:17+00
9d32cf2b-24a9-42d9-ba07-f12a452c008f,f37f9e27-268c-49a1-be3a-cf722ed3d48b,fab85b51-d22f-44ec-b151-d9ccff8c1ace,2026-09-05T21:25:12+00,2026-09-05T21:25:12+00
1625d307-5817-409d-bc34-33e15f59a48c,efbc2aeb-f83f-4d5d-9753-1c1696c6a099,01831610-1512-4aba-a0b8-ef22fa10e4f2,2026-09-02T11:51:01+00,2026-09-02T11:51:01+00
5580b6f7-122a-4033-b9f8-1797f3e5888b,4c7d3b7c-ba64-4329-a995-be4990a7b264,01862663-a932-404d-8369-32f39f55179f,2026-09-10T12:11:15+00,2026-09-10T12:11:15+00
e52b818a-b59a-4f0c-969d-a650b926d548,19367001-6484-4ad9-9f0d-fa10ce6462b6,230fa550-1848-4a6b-a552-51c1ce047b4f,2026-09-13T12:44:01+00,2026-09-13T12:44:01+00
a4d0284a-1b2f-4d62-8b83-87c05211d406,ac121499-0280-4b23-88b0-0f925f3a301e,b9e40e59-4caf-48e2-a017-d7e938532832,2026-09-03T03:44:11+00,2026-09-03T03:44:11+00
662540fb-7787-4d4f-8294-49be2a900f48,721b08ab-8cae-4b82-a275-50139ff79484,b69ab941-7531-46da-99bf-575adc856f4c,2026-09-18T08:12:51+00,2026-09-18T08:12:51+00
32f74c07-69b5-4222-91d8-45b9a8229433,cb73a5d8-749e-41c6-8bbf-3539531312d2,59f45848-7440-4fc1-b3b3-7d746982d57b,2026-09-21T12:06:39+00,2026-09-21T12:06:39+00
23619a9a-8acc-4af6-80f1-0409de414a11,efbc2aeb-f83f-4d5d-9753-1c1696c6a099,35396ef5-bc74-43ed-a941-b538fad051f3,2026-09-17T16:27:23+00,2026-09-17T16:27:23+00
ee241239-dc60-44b1-98d6-a76caf69f460,19367001-6484-4ad9-9f0d-fa10ce6462b6,b6f7df8e-425b-4b69-9f7b-9707ee7cf94d,2026-09-21T23:46:49+00,2026-09-21T23:46:49+00
dfcd9642-3b07-44e0-b6c9-3e5489d6d846,cccb5524-84e6-4404-bf62-c525a9439bd7,40e48a68-9466-42e6-8e9b-9443af4d1576,2026-09-22T08:59:33+00,2026-09-22T08:59:33+00
621c4f2a-4c4d-4ea8-b596-91a7649f9baf,4dfbca3c-b477-47d5-81da-3552059e9654,05bf2c6f-6a9c-4b6d-855a-9aa5cf87c0c9,2026-08-27T00:13:31+00,2026-08-27T00:13:31+00
341d7ab8-5601-493c-8322-3cca8476f2ff,3d51eefd-8b09-49a2-8ad2-305676775b05,e032195c-58f8-4133-9606-ed3fc5bcac41,2026-09-22T11:48:33+00,2026-09-22T11:48:33+00
b3f202ef-b423-4ad9-873e-9516a4e01c05,9937bb3c-c14e-4c6e-a02f-cc0ba7e326b6,230fa550-1848-4a6b-a552-51c1ce047b4f,2026-09-18T18:55:13+00,2026-09-18T18:55:13+00
03707670-68f7-48f5-8817-2ef10c586258,20a3c832-08ce-446f-b7f8-e12e142db636,59f45848-7440-4fc1-b3b3-7d746982d57b,2026-09-21T12:22:06+00,2026-09-21T12:22:06+00
329e2b57-09fc-480c-bd15-6e060c902c33,5f4a0667-45b5-469d-b30e-8b5129c82f54,89e315ef-bcfc-4239-a666-5fb1b85059b0,2026-09-21T15:49:11+00,2026-09-21T15:49:11+00
a999ccee-b936-4386-ab27-c884fc8ba1e7,85830fbe-7792-4344-8e85-6c33e9f1f368,cdbf5df9-22f7-4f20-ae16-4c4565d5849e,2026-09-20T14:57:29+00,2026-09-20T14:57:29+00
2dce7ca5-86c5-4353-8b2a-a76f76d192d7,b40e34f2-cd9d-4c15-b942-eeb1cdac5e68,e0197eb8-420e-46c2-ab4c-7353ce93fe44,2026-09-17T09:54:54+00,2026-09-17T09:54:54+00
c3302153-658a-48e6-83f4-464c8919d77b,c865fd65-6910-45a5-9252-69f8fd02201b,32fb17f1-7d33-4907-b167-2785deb49bb8,2026-09-21T13:21:35+00,2026-09-21T13:21:35+00
78d639bc-2e74-47b0-ac0f-1541806485e1,5f4a0667-45b5-469d-b30e-8b5129c82f54,0ba4cd4d-0beb-4ca7-81f1-44d2088dd0c7,2026-09-07T18:54:08+00,2026-09-07T18:54:08+00
211efbc2-4f84-4e17-8bb9-66fe892a8f7c,721b08ab-8cae-4b82-a275-50139ff79484,e032195c-58f8-4133-9606-ed3fc5bcac41,2026-09-04T04:38:31+00,2026-09-04T04:38:31+00
04dc4d2b-628a-4f49-886a-babd2d68fb67,85830fbe-7792-4344-8e85-6c33e9f1f368,0ba4cd4d-0beb-4ca7-81f1-44d2088dd0c7,2026-09-12T21:55:11+00,2026-09-12T21:55:11+00
effa50de-245d-4e29-83d8-363824a617a1,27aa2626-9c22-4ce9-b460-802788397fab,5d563e21-9d3b-40c2-a5e5-31c0ca59c1d0,2026-09-20T20:09:04+00,2026-09-20T20:09:04+00
dbf02fa0-f2a0-4f1c-9c19-0ec9ac1a02c6,3d51eefd-8b09-49a2-8ad2-305676775b05,44b82e25-5485-4a59-847a-1e488cdf7fae,2026-09-01T18:21:59+00,2026-09-01T18:21:59+00
ed9beede-c482-470a-8e1b-be6c2106d54b,27aa2626-9c22-4ce9-b460-802788397fab,2759c2d9-fac2-4f0a-9633-9c054df555e9,2026-09-16T08:37:11+00,2026-09-16T08:37:11+00
de88a3ec-350c-4b45-83c9-4c360f84e5a6,4c7d3b7c-ba64-4329-a995-be4990a7b264,5d563e21-9d3b-40c2-a5e5-31c0ca59c1d0,2026-09-21T16:16:44+00,2026-09-21T16:16:44+00
54e20b05-2bf9-40ce-a99b-6c4407e46da5,5761bde8-ab17-4155-9890-228859ae9d8c,e032195c-58f8-4133-9606-ed3fc5bcac41,2026-09-08T07:11:21+00,2026-09-08T07:11:21+00
e27fe7cd-2243-4a5e-97b4-975bb9e30bdb,c865fd65-6910-45a5-9252-69f8fd02201b,b6f7df8e-425b-4b69-9f7b-9707ee7cf94d,2026-09-21T20:29:05+00,2026-09-21T20:29:05+00
ac489362-b85a-41b3-9d63-c0f311a078b0,af1f384e-71f2-4620-a619-b67a7f0f1a84,1c5bc96a-5239-4631-b45a-b14aca7bc5a8,2026-09-16T10:49:34+00,2026-09-16T10:49:34+00
f49a8c1e-1186-4679-8373-87475a71fdd5,e9878408-1451-428d-bdcf-52911cf0b046,5dd01e58-3885-48cd-b9ae-835c34be6be3,2026-09-19T05:36:08+00,2026-09-19T05:36:08+00
005d894e-f96f-43f6-98f0-e54cf88a9bc4,4dfbca3c-b477-47d5-81da-3552059e9654,71053ed1-366a-4240-9c59-5f2484cff2d1,2026-09-10T14:42:42+00,2026-09-10T14:42:42+00
0ff1fb39-785d-42cc-93f3-ba9c47208fa7,9937bb3c-c14e-4c6e-a02f-cc0ba7e326b6,9937e485-c5f3-4332-b0ec-8e22dcc5f9a4,2026-09-22T09:04:42+00,2026-09-22T09:04:42+00
e6379e4f-9a22-44ae-bea0-b7ed5354f8e1,b40e34f2-cd9d-4c15-b942-eeb1cdac5e68,0ba4cd4d-0beb-4ca7-81f1-44d2088dd0c7,2026-09-08T20:07:07+00,2026-09-08T20:07:07+00
dff72a29-6bf9-4390-bc53-a7998292adbe,ef9245ec-a5b3-4e80-89e5-bcef7b11578c,0a33ce40-c0b9-4ddc-ba89-f34d2c5e19c6,2026-09-19T15:57:31+00,2026-09-19T15:57:31+00
cefe36cc-bf7d-4056-bd47-0440f59130ca,735fc5cb-dd91-46b6-94d6-d68143ec3f0e,ddbd3840-101f-48b4-af11-b6f77188b2b1,2026-09-21T11:46:06+00,2026-09-21T11:46:06+00
09dff4b6-6ad6-4201-ac39-02673253e3d8,144d9db2-8702-4b92-9711-0a57a3faa7c8,c41e6383-8a80-4c12-ab05-a9378261fe60,2026-09-17T14:57:41+00,2026-09-17T14:57:41+00
63044fb8-e7dd-4960-a78a-c03384e95a41,9937bb3c-c14e-4c6e-a02f-cc0ba7e326b6,71053ed1-366a-4240-9c59-5f2484cff2d1,2026-09-19T20:44:05+00,2026-09-19T20:44:05+00
db6954db-b0e4-472b-84c8-e61e987d44b6,05f06301-174c-4ce0-88f7-31f622e82235,1d683812-291b-4c0e-b846-c2f9912a79c7,2026-09-12T03:35:42+00,2026-09-12T03:35:42+00
2913e901-1054-44ee-931f-99c326602250,20a3c832-08ce-446f-b7f8-e12e142db636,fdc7191b-7a11-4e94-a305-95e8773f4841,2026-09-20T08:46:26+00,2026-09-20T08:46:26+00
f0b663d9-fc99-4bd8-a3c9-eaef002fccc1,35732930-67f3-4140-8997-66b3e77e7014,bb02f397-b7b6-43e3-90bd-50474f717c00,2026-09-13T05:52:15+00,2026-09-13T05:52:15+00
86391373-e85b-42e2-9ac6-14dc2ab3422d,b40e34f2-cd9d-4c15-b942-eeb1cdac5e68,e95a5f51-bebf-4ec6-ba63-e50a45a5bcb1,2026-09-19T16:35:41+00,2026-09-19T16:35:41+00
43460754-f2a7-4692-9eb0-32b6c390e5f6,4628006c-2634-45e2-91a2-41a475e39115,0cfbc2fc-805b-4dcf-a363-2b03f80ab2b4,2026-09-22T07:02:37+00,2026-09-22T07:02:37+00
ff7c73e0-7507-412c-905f-191c73986766,85830fbe-7792-4344-8e85-6c33e9f1f368,1d683812-291b-4c0e-b846-c2f9912a79c7,2026-09-15T03:07:53+00,2026-09-15T03:07:53+00
911c4a5a-1240-413b-8bbb-d3458b5d3e19,4c7d3b7c-ba64-4329-a995-be4990a7b264,d7741da8-8db4-4a40-8c15-497191baf76e,2026-09-22T11:03:18+00,2026-09-22T11:03:18+00
ad2da6d3-63dd-42ed-84d5-d88f94dcecf5,05f06301-174c-4ce0-88f7-31f622e82235,71b2eb75-408e-484e-bdba-e872ca870fdd,2026-09-16T09:27:50+00,2026-09-16T09:27:50+00
a684e536-b2ea-41ae-bf0f-75aef3b70d0a,721b08ab-8cae-4b82-a275-50139ff79484,01862663-a932-404d-8369-32f39f55179f,2026-09-01T13:29:58+00,2026-09-01T13:29:58+00
09307147-87a4-42b6-91bd-8320d456335a,eaba9a70-e32b-43b0-a1ca-9d8c50e909d3,89e315ef-bcfc-4239-a666-5fb1b85059b0,2026-09-22T00:12:43+00,2026-09-22T00:12:43+00
e215eeee-8479-496a-9750-aa126fbffd70,4dfbca3c-b477-47d5-81da-3552059e9654,142ae8fb-37f7-455e-9c4c-6bff24e13411,2026-08-31T23:09:04+00,2026-08-31T23:09:04+00
41055714-562f-44b1-9106-72836c220cf0,c739f2fc-dd85-46be-b5e8-6d764a514508,86b814c2-128e-465f-811c-b241a626851f,2026-09-21T22:43:57+00,2026-09-21T22:43:57+00
9bd4c186-5e92-43ae-884c-98e02dc02c77,606a0a59-c082-4179-8dea-ce74f437ed4e,1c5bc96a-5239-4631-b45a-b14aca7bc5a8,2026-09-05T11:11:24+00,2026-09-05T11:11:24+00
280adabd-bd60-47ab-93e8-9e29ba6f56f4,735fc5cb-dd91-46b6-94d6-d68143ec3f0e,8ed72482-bbb2-47ba-8a41-a0216c931c97,2026-09-11T06:30:54+00,2026-09-11T06:30:54+00
f01bc83d-e049-4ac4-8669-11c5b7d2b625,ac121499-0280-4b23-88b0-0f925f3a301e,b6f7df8e-425b-4b69-9f7b-9707ee7cf94d,2026-09-22T09:23:18+00,2026-09-22T09:23:18+00
ef19903d-04e8-4f94-bdd5-2eb77ec900e9,5f4a0667-45b5-469d-b30e-8b5129c82f54,468f69cd-8fbe-44d0-ae8d-5f3c98e4ae1f,2026-09-08T19:18:16+00,2026-09-08T19:18:16+00
fa3ccecc-4eb5-4805-91a4-3464ef8c3e12,af1f384e-71f2-4620-a619-b67a7f0f1a84,01862663-a932-404d-8369-32f39f55179f,2026-09-16T01:32:05+00,2026-09-16T01:32:05+00
bf41850f-7b7d-4bf6-adf1-f7a378a951ff,b40e34f2-cd9d-4c15-b942-eeb1cdac5e68,e76d5df1-cc89-4822-b51d-c4d5c9956793,2026-09-22T11:40:47+00,2026-09-22T11:40:47+00
d0f68545-9f09-4efe-a9bc-d0be41fb078e,5761bde8-ab17-4155-9890-228859ae9d8c,fab85b51-d22f-44ec-b151-d9ccff8c1ace,2026-09-20T17:27:54+00,2026-09-20T17:27:54+00
fb4a5442-06ba-4c2b-8336-3cdc7788cb93,eaba9a70-e32b-43b0-a1ca-9d8c50e909d3,0a33ce40-c0b9-4ddc-ba89-f34d2c5e19c6,2026-09-14T09:59:17+00,2026-09-14T09:59:17+00
e098b6d4-0082-4ae2-af3c-f7dde43681dc,efbc2aeb-f83f-4d5d-9753-1c1696c6a099,08f4ec3b-9b4d-4624-bb3a-657139232f36,2026-09-16T03:21:53+00,2026-09-16T03:21:53+00
3ead19d9-18cd-4af1-b285-e61fd0ae7d72,efbc2aeb-f83f-4d5d-9753-1c1696c6a099,17a9f10f-ffa1-48df-b16a-be436983e59d,2026-09-21T00:48:21+00,2026-09-21T00:48:21+00
1703ed02-5645-4777-9bab-8e5aefc129f2,eaba9a70-e32b-43b0-a1ca-9d8c50e909d3,cdd1e069-d112-4d84-9abb-793702ad876d,2026-09-17T13:14:08+00,2026-09-17T13:14:08+00
b7d3f246-4720-49ba-a39f-d088ed882bc7,ac121499-0280-4b23-88b0-0f925f3a301e,9937e485-c5f3-4332-b0ec-8e22dcc5f9a4,2026-09-19T21:41:52+00,2026-09-19T21:41:52+00
d9877d4d-cc75-4fef-a279-04264f842b33,72e65af5-9e91-4099-88c2-8972779d4108,8218aa0a-9277-41ca-a88d-d8bda003edfa,2026-09-21T03:56:04+00,2026-09-21T03:56:04+00
2db5fc68-e865-4906-a8f6-38a9450417f2,eaba9a70-e32b-43b0-a1ca-9d8c50e909d3,ca2a5e34-dd21-4cac-9354-633c4857c0c7,2026-09-07T06:13:36+00,2026-09-07T06:13:36+00
da96c37c-c76c-4227-b7f9-25c445d45261,4c7d3b7c-ba64-4329-a995-be4990a7b264,e76d5df1-cc89-4822-b51d-c4d5c9956793,2026-08-23T14:45:53+00,2026-08-23T14:45:53+00
9cb08681-6ae9-4555-9ae7-657a4dbd53a9,e9878408-1451-428d-bdcf-52911cf0b046,aa7170e7-db18-4a57-8809-3ce5b9252e02,2026-09-22T00:20:27+00,2026-09-22T00:20:27+00
410b236b-2e48-45ff-bb54-b57d3f46dd3e,735fc5cb-dd91-46b6-94d6-d68143ec3f0e,c41e6383-8a80-4c12-ab05-a9378261fe60,2026-09-16T07:07:30+00,2026-09-16T07:07:30+00
62b77744-744d-4364-b1c0-2effebb6b0d9,c68d9407-3284-43e1-b16e-85a8ae34979b,c8bf264e-4fb5-4ad8-a2f6-16f208771dfc,2026-09-20T11:24:47+00,2026-09-20T11:24:47+00
deb5a1e4-9b1d-4632-8f89-28c12841a097,19367001-6484-4ad9-9f0d-fa10ce6462b6,72e7ee8b-cd7b-464b-a0d9-5dfa6071f45b,2026-09-21T18:27:58+00,2026-09-21T18:27:58+00
81a46640-b879-4272-8b25-cb6f90b74a31,4dfbca3c-b477-47d5-81da-3552059e9654,0cfbc2fc-805b-4dcf-a363-2b03f80ab2b4,2026-09-14T13:23:24+00,2026-09-14T13:23:24+00
35d2cbec-160d-4f55-ac7e-f0e54ae295ae,c865fd65-6910-45a5-9252-69f8fd02201b,2be3c3fc-ac0c-4463-86c4-bf9fadce2a23,2026-09-16T20:12:23+00,2026-09-16T20:12:23+00
a58e7090-2bee-41b5-99d9-4886b7e1430b,27aa2626-9c22-4ce9-b460-802788397fab,40e48a68-9466-42e6-8e9b-9443af4d1576,2026-09-21T10:01:11+00,2026-09-21T10:01:11+00
3242af63-5cda-4ac1-bc3a-e2b01fa5175d,735fc5cb-dd91-46b6-94d6-d68143ec3f0e,e5a93436-38e6-45e0-bb9d-4cff54dfbdf2,2026-09-15T01:42:51+00,2026-09-15T01:42:51+00
619b7634-b68a-422d-a13e-f2785f08e5f8,ac6675e6-0b38-42d4-bf38-8959faea8863,05bf2c6f-6a9c-4b6d-855a-9aa5cf87c0c9,2026-09-22T11:46:20+00,2026-09-22T11:46:20+00
70f22496-9c18-4550-a27d-fd7c03930016,4c7d3b7c-ba64-4329-a995-be4990a7b264,5dd01e58-3885-48cd-b9ae-835c34be6be3,2026-08-27T10:18:56+00,2026-08-27T10:18:56+00
a6513b21-ab2f-432c-8655-99d75b1fdfba,c68d9407-3284-43e1-b16e-85a8ae34979b,72e7ee8b-cd7b-464b-a0d9-5dfa6071f45b,2026-08-28T04:40:10+00,2026-08-28T04:40:10+00
07ef509f-d611-4020-8e1e-3be5686db055,72e65af5-9e91-4099-88c2-8972779d4108,5fb6d349-a8fc-4b18-b122-be1159db8c77,2026-09-09T08:17:33+00,2026-09-09T08:17:33+00
43f4cc23-1a41-4a3f-9f3f-f611e1c21f95,72e65af5-9e91-4099-88c2-8972779d4108,9faa224c-92ff-4e93-a501-dcb594dc7e0a,2026-09-04T14:26:57+00,2026-09-04T14:26:57+00
14f444c0-2de7-4191-b1c7-5d1af0ab9370,5f4a0667-45b5-469d-b30e-8b5129c82f54,89e315ef-bcfc-4239-a666-5fb1b85059b0,2026-09-21T09:55:26+00,2026-09-21T09:55:26+00
53bfddd7-7735-4ad8-9218-29adcb372003,20a3c832-08ce-446f-b7f8-e12e142db636,e7a41a17-6668-487e-8b9a-7177e86df14a,2026-09-21T20:05:10+00,2026-09-21T20:05:10+00
ac67a3cb-02fd-41d0-ab14-471415bb1f87,cccb5524-84e6-4404-bf62-c525a9439bd7,71b2eb75-408e-484e-bdba-e872ca870fdd,2026-09-08T18:53:57+00,2026-09-08T18:53:57+00
a7d15c0f-3738-4820-9258-b7be994737a8,c739f2fc-dd85-46be-b5e8-6d764a514508,89e315ef-bcfc-4239-a666-5fb1b85059b0,2026-09-22T11:42:43+00,2026-09-22T11:42:43+00
dc2916a0-708f-4e41-ac45-bf4cdfad1d91,735fc5cb-dd91-46b6-94d6-d68143ec3f0e,b9e40e59-4caf-48e2-a017-d7e938532832,2026-08-27T02:57:59+00,2026-08-27T02:57:59+00
c4e0db98-6472-45e3-853a-0c3f50cf0fa8,05f06301-174c-4ce0-88f7-31f622e82235,e5a93436-38e6-45e0-bb9d-4cff54dfbdf2,2026-09-22T02:34:22+00,2026-09-22T02:34:22+00
0bd306f9-bf84-4749-bce8-caa6dd72809b,e9878408-1451-428d-bdcf-52911cf0b046,cd6e2a5f-4785-4502-80b0-f411c7e85451,2026-09-21T16:43:00+00,2026-09-21T16:43:00+00
3d751787-27a6-4ae4-b6a5-7f08d249e744,ac6675e6-0b38-42d4-bf38-8959faea8863,3cd8777a-1334-4164-b473-9809b5910861,2026-08-27T17:52:09+00,2026-08-27T17:52:09+00
0dbcb4dd-1c78-43ad-b273-2ac60e881e84,c865fd65-6910-45a5-9252-69f8fd02201b,d6afc1db-3fef-4d14-a210-bf8053846bad,2026-08-25T21:03:06+00,2026-08-25T21:03:06+00
edf3b267-c33a-4842-9313-169929337ae2,cccb5524-84e6-4404-bf62-c525a9439bd7,9cb07d8a-ba95-4bde-ad74-dfc40f4d1a35,2026-09-22T08:20:17+00,2026-09-22T08:20:17+00
68e2ec10-7657-4c8b-9028-1104c89c46ab,35732930-67f3-4140-8997-66b3e77e7014,cdbf5df9-22f7-4f20-ae16-4c4565d5849e,2026-09-21T23:13:24+00,2026-09-21T23:13:24+00
7a53676a-3f77-43b3-a76b-cca23bb85e15,72e65af5-9e91-4099-88c2-8972779d4108,d43d8fb2-0841-4a99-ae02-6d88b5c5a5b7,2026-09-20T09:22:13+00,2026-09-20T09:22:13+00
fc5b9e42-fff5-4600-b99c-f4ff71ea1fae,606a0a59-c082-4179-8dea-ce74f437ed4e,2be3c3fc-ac0c-4463-86c4-bf9fadce2a23,2026-09-02T17:04:43+00,2026-09-02T17:04:43+00
f34dd21d-e79b-4da8-a7ef-25938633364b,c865fd65-6910-45a5-9252-69f8fd02201b,86b814c2-128e-465f-811c-b241a626851f,2026-09-21T23:08:37+00,2026-09-21T23:08:37+00
ef4ce176-f4b7-4b33-800e-c281fdc846f6,af1f384e-71f2-4620-a619-b67a7f0f1a84,604517f6-afd6-4974-9e8f-1bb464ed9b79,2026-09-16T10:54:28+00,2026-09-16T10:54:28+00
12d2a32b-2cb2-4db6-8915-59a55587475a,7436818b-8528-444b-ab38-4a58222f7851,9faa224c-92ff-4e93-a501-dcb594dc7e0a,2026-09-12T05:22:59+00,2026-09-12T05:22:59+00
88e42fac-fc4d-453b-b698-0a8958312702,af1f384e-71f2-4620-a619-b67a7f0f1a84,bb02f397-b7b6-43e3-90bd-50474f717c00,2026-09-07T23:06:34+00,2026-09-07T23:06:34+00
bc6c5f7e-0ca8-4af0-9e24-896ed4b1f457,c739f2fc-dd85-46be-b5e8-6d764a514508,2759c2d9-fac2-4f0a-9633-9c054df555e9,2026-09-09T09:24:04+00,2026-09-09T09:24:04+00
d038544e-bc26-4e26-bdb3-15c0fd37cec8,b40e34f2-cd9d-4c15-b942-eeb1cdac5e68,f452cdf4-9099-449f-8345-e0a9eb870ac1,2026-09-22T01:51:11+00,2026-09-22T01:51:11+00
813aa6a9-7c5b-4632-bfe6-fba201e8e6cb,cccb5524-84e6-4404-bf62-c525a9439bd7,e7a41a17-6668-487e-8b9a-7177e86df14a,2026-09-22T10:50:06+00,2026-09-22T10:50:06+00
5903204d-1491-45e4-ba0c-7662f8e82256,c739f2fc-dd85-46be-b5e8-6d764a514508,59f45848-7440-4fc1-b3b3-7d746982d57b,2026-09-22T05:23:35+00,2026-09-22T05:23:35+00
95cb8d12-6d0d-4767-8c4a-a42d8c691776,72e65af5-9e91-4099-88c2-8972779d4108,9cb07d8a-ba95-4bde-ad74-dfc40f4d1a35,2026-09-21T22:06:19+00,2026-09-21T22:06:19+00
07d9cd06-64ba-456c-bff3-74c08007c0b4,05f06301-174c-4ce0-88f7-31f622e82235,ca2a5e34-dd21-4cac-9354-633c4857c0c7,2026-08-28T03:48:35+00,2026-08-28T03:48:35+00
0de8b4aa-3951-4715-9b66-496f201494a0,cccb5524-84e6-4404-bf62-c525a9439bd7,4a9b629f-a02d-4e97-ab67-5c0a947a018a,2026-09-18T17:21:57+00,2026-09-18T17:21:57+00
666e7aad-c32f-4017-adaa-a8709cb6cd27,9937bb3c-c14e-4c6e-a02f-cc0ba7e326b6,4a9b629f-a02d-4e97-ab67-5c0a947a018a,2026-09-04T13:46:38+00,2026-09-04T13:46:38+00
3faccd46-ab5c-4995-840d-2ac3a660fe62,ac121499-0280-4b23-88b0-0f925f3a301e,8218aa0a-9277-41ca-a88d-d8bda003edfa,2026-09-21T21:54:06+00,2026-09-21T21:54:06+00
33cb8c13-bcf8-46cb-80fe-b92214de8ae4,f37f9e27-268c-49a1-be3a-cf722ed3d48b,c8bf264e-4fb5-4ad8-a2f6-16f208771dfc,2026-09-19T10:34:39+00,2026-09-19T10:34:39+00
5d9b58d7-445b-45a1-9faf-bf1aa39bbea7,735fc5cb-dd91-46b6-94d6-d68143ec3f0e,4e6fbb44-c848-4fc0-bad5-7f2265e25009,2026-09-22T00:09:02+00,2026-09-22T00:09:02+00
85b30182-8467-4c8f-b19c-434fceb84ef4,4c7d3b7c-ba64-4329-a995-be4990a7b264,0c7f2429-2f01-4720-9db3-c0b53fc49ea0,2026-09-03T00:50:24+00,2026-09-03T00:50:24+00
e9f9d96a-bb1c-4547-ba69-f3602fed8f0b,c739f2fc-dd85-46be-b5e8-6d764a514508,8d7bcb69-b06a-4c91-8bee-fbaa7dc12271,2026-09-13T15:10:22+00,2026-09-13T15:10:22+00
bb4340db-f47a-4015-a42f-0943fe5f4057,3d51eefd-8b09-49a2-8ad2-305676775b05,fab85b51-d22f-44ec-b151-d9ccff8c1ace,2026-09-11T15:34:30+00,2026-09-11T15:34:30+00
be27a885-2648-4ceb-8669-3b56f162d456,c68d9407-3284-43e1-b16e-85a8ae34979b,8ed72482-bbb2-47ba-8a41-a0216c931c97,2026-09-18T08:12:42+00,2026-09-18T08:12:42+00
f521099c-40e6-40dd-a3e9-07a51e2113d5,606a0a59-c082-4179-8dea-ce74f437ed4e,e5a93436-38e6-45e0-bb9d-4cff54dfbdf2,2026-08-23T18:13:05+00,2026-08-23T18:13:05+00
61f14cfe-80b3-4c5b-878c-2247d4337edd,eaba9a70-e32b-43b0-a1ca-9d8c50e909d3,7ee0434e-d019-42a0-a953-0f966f36bea5,2026-09-15T04:19:27+00,2026-09-15T04:19:27+00
febcbb64-53d4-4a5e-aa96-f5829f807559,e9878408-1451-428d-bdcf-52911cf0b046,19ee7d08-f4f8-44b3-a728-150a15c26889,2026-09-08T12:58:33+00,2026-09-08T12:58:33+00
ee0de25b-b293-4b2b-a9bf-90387e9fdcc8,7c912978-b1d3-4b80-862a-cf640b4d54dd,72e7ee8b-cd7b-464b-a0d9-5dfa6071f45b,2026-09-21T01:14:14+00,2026-09-21T01:14:14+00
52071a08-6ed8-4c54-88ad-4365e39b550f,7c912978-b1d3-4b80-862a-cf640b4d54dd,71b2eb75-408e-484e-bdba-e872ca870fdd,2026-09-18T03:57:53+00,2026-09-18T03:57:53+00
f0b28f22-caf9-4e91-bace-277d55370d5c,35732930-67f3-4140-8997-66b3e77e7014,8218aa0a-9277-41ca-a88d-d8bda003edfa,2026-09-13T05:59:18+00,2026-09-13T05:59:18+00
f001d24f-cc1f-4070-aa1d-9a93449f08be,cccb5524-84e6-4404-bf62-c525a9439bd7,172a42a6-2556-401d-8d59-a95829c0b049,2026-09-09T16:08:53+00,2026-09-09T16:08:53+00
dc05ff9a-1efc-4b56-ba76-b165517398cf,4dfbca3c-b477-47d5-81da-3552059e9654,604517f6-afd6-4974-9e8f-1bb464ed9b79,2026-08-30T21:18:20+00,2026-08-30T21:18:20+00
23d51930-ef0c-4451-9549-d31d9613e58b,4dfbca3c-b477-47d5-81da-3552059e9654,a0271692-7ba5-47e3-8a4c-25d31a3e1868,2026-09-07T13:02:31+00,2026-09-07T13:02:31+00
54c25799-6d33-4ac2-8e34-7a378e93a700,5761bde8-ab17-4155-9890-228859ae9d8c,b69ab941-7531-46da-99bf-575adc856f4c,2026-09-22T07:20:03+00,2026-09-22T07:20:03+00
23616936-4a4b-4fae-b8ce-373e1101c898,7436818b-8528-444b-ab38-4a58222f7851,e76d5df1-cc89-4822-b51d-c4d5c9956793,2026-08-28T16:42:17+00,2026-08-28T16:42:17+00
20ae8fe7-ace7-4a81-829e-b532b216a403,5761bde8-ab17-4155-9890-228859ae9d8c,7f680da9-6337-41e4-9ce6-230190f5f088,2026-09-22T11:43:02+00,2026-09-22T11:43:02+00
0528a1d6-95ce-4000-917e-676156c0c5e7,581ab6c1-719f-4c66-be38-a82e60863626,19ee7d08-f4f8-44b3-a728-150a15c26889,2026-09-16T22:35:51+00,2026-09-16T22:35:51+00
c0f261c5-5432-48e8-9e99-5b226d6b37a8,e9878408-1451-428d-bdcf-52911cf0b046,fab85b51-d22f-44ec-b151-d9ccff8c1ace,2026-09-19T13:14:23+00,2026-09-19T13:14:23+00
9354770b-cd75-4ac6-8d50-ce7d6dedaf6c,19367001-6484-4ad9-9f0d-fa10ce6462b6,d6afc1db-3fef-4d14-a210-bf8053846bad,2026-09-04T01:42:45+00,2026-09-04T01:42:45+00
8a32eeb2-993e-41bc-88ba-905086eab857,85830fbe-7792-4344-8e85-6c33e9f1f368,44b82e25-5485-4a59-847a-1e488cdf7fae,2026-09-13T22:06:55+00,2026-09-13T22:06:55+00
fb3d5eea-4937-48d8-bf57-af55c812b5c9,ac6675e6-0b38-42d4-bf38-8959faea8863,9937e485-c5f3-4332-b0ec-8e22dcc5f9a4,2026-09-20T03:55:24+00,2026-09-20T03:55:24+00
548a4359-b714-40c5-972a-0882ce457487,ac6675e6-0b38-42d4-bf38-8959faea8863,19ee7d08-f4f8-44b3-a728-150a15c26889,2026-09-21T03:07:14+00,2026-09-21T03:07:14+00
be0d3d09-3946-4c72-9e3c-06f29ac9e665,19367001-6484-4ad9-9f0d-fa10ce6462b6,5d563e21-9d3b-40c2-a5e5-31c0ca59c1d0,2026-09-15T19:29:54+00,2026-09-15T19:29:54+00
f02592ef-53fb-4362-9cdb-73759e22fb20,af1f384e-71f2-4620-a619-b67a7f0f1a84,100d47d8-b9d2-4bbb-8f6f-1d9f55f47bb2,2026-09-17T22:56:27+00,2026-09-17T22:56:27+00
7598989a-3c9b-4b2a-90ba-d90804ba24f1,581ab6c1-719f-4c66-be38-a82e60863626,86311483-338e-47b5-86da-72718a4177c8,2026-09-20T17:46:41+00,2026-09-20T17:46:41+00
282164c6-1533-42ac-98bb-c060f1c73431,eaba9a70-e32b-43b0-a1ca-9d8c50e909d3,bb02f397-b7b6-43e3-90bd-50474f717c00,2026-09-22T01:26:14+00,2026-09-22T01:26:14+00
4d32579f-3a1b-44cc-86e4-0fc1c4bd1a6a,20a3c832-08ce-446f-b7f8-e12e142db636,c92e8cfd-4e24-4c44-b362-9f2cc7c8dc75,2026-09-20T11:53:52+00,2026-09-20T11:53:52+00
6ecb6b28-f145-4996-8798-13d896cc38d2,eaba9a70-e32b-43b0-a1ca-9d8c50e909d3,71b2eb75-408e-484e-bdba-e872ca870fdd,2026-09-02T08:22:34+00,2026-09-02T08:22:34+00
8aab7081-e302-49ea-940b-d9db2e78c82a,4628006c-2634-45e2-91a2-41a475e39115,e95a5f51-bebf-4ec6-ba63-e50a45a5bcb1,2026-09-19T19:31:58+00,2026-09-19T19:31:58+00
9990286b-d98d-4920-8ba4-f14592868971,581ab6c1-719f-4c66-be38-a82e60863626,fab85b51-d22f-44ec-b151-d9ccff8c1ace,2026-09-21T02:21:37+00,2026-09-21T02:21:37+00
cb7873ba-090b-4f5c-a923-3be63767871e,efbc2aeb-f83f-4d5d-9753-1c1696c6a099,bb02f397-b7b6-43e3-90bd-50474f717c00,2026-09-20T15:36:05+00,2026-09-20T15:36:05+00
f05b0731-622b-47fa-8d7b-73219bc9db47,4628006c-2634-45e2-91a2-41a475e39115,f452cdf4-9099-449f-8345-e0a9eb870ac1,2026-09-21T00:06:39+00,2026-09-21T00:06:39+00
84d94e14-4a27-47f9-8231-e08c95d5276d,4dfbca3c-b477-47d5-81da-3552059e9654,8ed72482-bbb2-47ba-8a41-a0216c931c97,2026-09-18T19:58:18+00,2026-09-18T19:58:18+00
44df5d08-7308-4a39-9aa5-666328529ebd,606a0a59-c082-4179-8dea-ce74f437ed4e,5d563e21-9d3b-40c2-a5e5-31c0ca59c1d0,2026-09-20T18:46:40+00,2026-09-20T18:46:40+00
90da4f3d-8ebf-4a16-ad9d-3f8265e6584f,c739f2fc-dd85-46be-b5e8-6d764a514508,7d0546c8-0b4c-487e-b81f-60f0ca99626e,2026-09-14T12:41:19+00,2026-09-14T12:41:19+00
65c9232f-6c2c-49da-9f42-f24ffba739d0,c865fd65-6910-45a5-9252-69f8fd02201b,c8bf264e-4fb5-4ad8-a2f6-16f208771dfc,2026-09-15T13:46:24+00,2026-09-15T13:46:24+00
6ab1a8bd-da1d-479e-b29d-c4af5d396e98,7c912978-b1d3-4b80-862a-cf640b4d54dd,c41e6383-8a80-4c12-ab05-a9378261fe60,2026-09-11T20:52:35+00,2026-09-11T20:52:35+00
b056edff-6eb0-4e59-b1c0-7fdad84fd07b,735fc5cb-dd91-46b6-94d6-d68143ec3f0e,4a9b629f-a02d-4e97-ab67-5c0a947a018a,2026-09-11T06:45:25+00,2026-09-11T06:45:25+00
82ef858e-d6d9-4020-9b20-358282250bd0,cb73a5d8-749e-41c6-8bbf-3539531312d2,01831610-1512-4aba-a0b8-ef22fa10e4f2,2026-08-26T20:42:46+00,2026-08-26T20:42:46+00
8924af2f-4853-432c-9a2b-21b5f4522e55,b40e34f2-cd9d-4c15-b942-eeb1cdac5e68,17a9f10f-ffa1-48df-b16a-be436983e59d,2026-09-22T00:33:02+00,2026-09-22T00:33:02+00
37406411-8528-438b-a051-2877a924624f,606a0a59-c082-4179-8dea-ce74f437ed4e,5d563e21-9d3b-40c2-a5e5-31c0ca59c1d0,2026-09-19T08:04:54+00,2026-09-19T08:04:54+00
39f717f1-13ab-48c5-a843-e0e56a162a81,5761bde8-ab17-4155-9890-228859ae9d8c,dae1e1c6-681f-4605-bf23-0df8425a5fdd,2026-08-26T11:28:09+00,2026-08-26T11:28:09+00
74cb4d65-3797-4285-9609-28f26baa5686,cb73a5d8-749e-41c6-8bbf-3539531312d2,023faaaa-5a37-4bf8-8060-85dfa768feb5,2026-09-06T15:51:25+00,2026-09-06T15:51:25+00
dc55772d-7f52-4da2-ac34-f6b746266871,4c7d3b7c-ba64-4329-a995-be4990a7b264,1d6e52b9-e368-46f4-b232-9a504be2e387,2026-09-13T11:04:36+00,2026-09-13T11:04:36+00
5abf173e-5796-4680-a2ff-fc077828291c,72e65af5-9e91-4099-88c2-8972779d4108,89e315ef-bcfc-4239-a666-5fb1b85059b0,2026-09-22T05:22:36+00,2026-09-22T05:22:36+00
731d9e82-2bef-4443-9aa5-501a1eccae1f,c865fd65-6910-45a5-9252-69f8fd02201b,9267ea31-35d5-49ef-8e0f-0a2f29735c8c,2026-09-19T19:38:30+00,2026-09-19T19:38:30+00
d7d52257-db3d-4077-ac2b-1a704dd60d97,144d9db2-8702-4b92-9711-0a57a3faa7c8,172a42a6-2556-401d-8d59-a95829c0b049,2026-09-21T13:18:20+00,2026-09-21T13:18:20+00
b99af958-4807-4003-a623-ad9dd05b773b,e9878408-1451-428d-bdcf-52911cf0b046,7d34d202-32a8-4c33-9ff3-b10d0c9860f8,2026-09-19T22:56:46+00,2026-09-19T22:56:46+00
6799ffc3-d087-4a89-9f07-f5d512105406,4dfbca3c-b477-47d5-81da-3552059e9654,a493474e-db90-45ba-8b0e-5b12946ea9fe,2026-08-25T08:49:52+00,2026-08-25T08:49:52+00
6ffbda94-b7c9-4f2b-ab23-1b6294fe3946,eaba9a70-e32b-43b0-a1ca-9d8c50e909d3,8ed72482-bbb2-47ba-8a41-a0216c931c97,2026-09-18T18:09:31+00,2026-09-18T18:09:31+00
e4aac187-785a-4f81-8b1d-35e9716af3d3,ef9245ec-a5b3-4e80-89e5-bcef7b11578c,32fb17f1-7d33-4907-b167-2785deb49bb8,2026-09-19T08:00:04+00,2026-09-19T08:00:04+00
6e450d50-0ac6-42a0-9415-6916524c7f4f,ac121499-0280-4b23-88b0-0f925f3a301e,fc91640c-4b31-406c-9f6f-71c5be47c422,2026-09-20T14:32:02+00,2026-09-20T14:32:02+00
3f003577-0d24-4a15-b602-737b0e17812c,4628006c-2634-45e2-91a2-41a475e39115,2978ed6e-62ef-478a-b39f-46bd09591aec,2026-09-22T11:48:10+00,2026-09-22T11:48:10+00
c0d5c128-695c-4524-9597-69b0e955e8f6,c68d9407-3284-43e1-b16e-85a8ae34979b,05bf2c6f-6a9c-4b6d-855a-9aa5cf87c0c9,2026-09-19T07:28:00+00,2026-09-19T07:28:00+00
9c99934f-69c4-4225-a968-e304f5a2f603,c68d9407-3284-43e1-b16e-85a8ae34979b,4a9b629f-a02d-4e97-ab67-5c0a947a018a,2026-09-07T10:01:48+00,2026-09-07T10:01:48+00
3614727f-6061-4663-a183-5c04879b880d,35732930-67f3-4140-8997-66b3e77e7014,0ba4cd4d-0beb-4ca7-81f1-44d2088dd0c7,2026-08-31T23:51:56+00,2026-08-31T23:51:56+00
7f7f6132-7b44-4c24-bb1c-5577197bd7e1,72e65af5-9e91-4099-88c2-8972779d4108,b9e40e59-4caf-48e2-a017-d7e938532832,2026-09-21T13:34:54+00,2026-09-21T13:34:54+00
23f9df48-dfd5-4df7-b39c-ffdcf3c6ee05,27aa2626-9c22-4ce9-b460-802788397fab,468f69cd-8fbe-44d0-ae8d-5f3c98e4ae1f,2026-09-07T19:20:52+00,2026-09-07T19:20:52+00
bb72758b-053f-4e02-9781-cad5468955a2,735fc5cb-dd91-46b6-94d6-d68143ec3f0e,e95a5f51-bebf-4ec6-ba63-e50a45a5bcb1,2026-09-19T22:49:43+00,2026-09-19T22:49:43+00
f5bd659d-985a-4fd2-ac1e-90176ab7ffd5,cb73a5d8-749e-41c6-8bbf-3539531312d2,4a9b629f-a02d-4e97-ab67-5c0a947a018a,2026-09-16T08:43:37+00,2026-09-16T08:43:37+00
d552c795-6613-4a73-b00c-567992134d19,b40e34f2-cd9d-4c15-b942-eeb1cdac5e68,8218aa0a-9277-41ca-a88d-d8bda003edfa,2026-09-18T00:21:41+00,2026-09-18T00:21:41+00
2c6e46e6-7e64-4cf8-b836-89b9a2dd496e,ef9245ec-a5b3-4e80-89e5-bcef7b11578c,8218aa0a-9277-41ca-a88d-d8bda003edfa,2026-09-05T15:42:51+00,2026-09-05T15:42:51+00
af93c88e-a3b6-485f-9831-5a0f79b8ef6e,5761bde8-ab17-4155-9890-228859ae9d8c,72e7ee8b-cd7b-464b-a0d9-5dfa6071f45b,2026-09-21T00:30:24+00,2026-09-21T00:30:24+00
424ebd52-d002-499c-bf0c-d14b031b13d1,5761bde8-ab17-4155-9890-228859ae9d8c,7a6fafdf-a775-4c14-98bd-ac51221e0cbb,2026-09-21T10:30:06+00,2026-09-21T10:30:06+00
13242fe1-ee58-44d3-ad1a-c36ae5552907,eaba9a70-e32b-43b0-a1ca-9d8c50e909d3,c92e8cfd-4e24-4c44-b362-9f2cc7c8dc75,2026-09-19T08:15:33+00,2026-09-19T08:15:33+00
d688de32-61bf-43c4-815b-d28275251ee0,5f4a0667-45b5-469d-b30e-8b5129c82f54,7ee0434e-d019-42a0-a953-0f966f36bea5,2026-09-06T07:15:43+00,2026-09-06T07:15:43+00
4ca9c597-b086-4d38-9abc-a1490a443fbb,4c7d3b7c-ba64-4329-a995-be4990a7b264,d7741da8-8db4-4a40-8c15-497191baf76e,2026-09-17T18:03:40+00,2026-09-17T18:03:40+00
47358359-0e96-46cc-a9f3-141a61afb767,9937bb3c-c14e-4c6e-a02f-cc0ba7e326b6,17a9f10f-ffa1-48df-b16a-be436983e59d,2026-09-21T21:16:22+00,2026-09-21T21:16:22+00
c8dde787-01b6-4acb-8947-24fa0c2b878a,3d51eefd-8b09-49a2-8ad2-305676775b05,080b61d6-0886-4803-b0c9-4ed29179dceb,2026-09-18T18:40:22+00,2026-09-18T18:40:22+00
d56c6daf-fe25-430e-a901-9675bb2c1787,4628006c-2634-45e2-91a2-41a475e39115,230fa550-1848-4a6b-a552-51c1ce047b4f,2026-09-18T08:38:29+00,2026-09-18T08:38:29+00
12995221-3ba8-4e04-9696-7c9916123fa9,4628006c-2634-45e2-91a2-41a475e39115,40e48a68-9466-42e6-8e9b-9443af4d1576,2026-09-15T11:55:38+00,2026-09-15T11:55:38+00
a9cb9eb4-894b-4f32-8eaa-30ce52c7a7ea,735fc5cb-dd91-46b6-94d6-d68143ec3f0e,17a9f10f-ffa1-48df-b16a-be436983e59d,2026-09-20T04:36:49+00,2026-09-20T04:36:49+00
1fb28d7c-de40-4d22-8dea-183b2a93161e,3d51eefd-8b09-49a2-8ad2-305676775b05,1c5bc96a-5239-4631-b45a-b14aca7bc5a8,2026-09-13T01:58:26+00,2026-09-13T01:58:26+00
39bcc367-3476-4440-b925-a3d0e6db84b2,cb73a5d8-749e-41c6-8bbf-3539531312d2,84a5be0f-fe8b-4d0e-a578-f348351ee343,2026-09-20T18:44:45+00,2026-09-20T18:44:45+00
8923b1d2-63a9-41bb-b307-097acd1def4b,144d9db2-8702-4b92-9711-0a57a3faa7c8,7ee0434e-d019-42a0-a953-0f966f36bea5,2026-09-14T01:22:05+00,2026-09-14T01:22:05+00
f919e17f-3841-4f7f-8c73-9093f8c79125,3d51eefd-8b09-49a2-8ad2-305676775b05,9937e485-c5f3-4332-b0ec-8e22dcc5f9a4,2026-09-21T02:38:48+00,2026-09-21T02:38:48+00
1f103100-6630-4f67-9917-47e4c7478d31,b40e34f2-cd9d-4c15-b942-eeb1cdac5e68,d8d690e7-8aa4-4544-8d95-a8c06ad5f40b,2026-09-06T20:26:10+00,2026-09-06T20:26:10+00
53b854c2-8064-48fb-9570-c6cd956b120a,3d51eefd-8b09-49a2-8ad2-305676775b05,8ed72482-bbb2-47ba-8a41-a0216c931c97,2026-09-12T04:57:09+00,2026-09-12T04:57:09+00
915c756f-7e12-43ad-a123-fb99601fe583,19367001-6484-4ad9-9f0d-fa10ce6462b6,bb835672-3fcb-4bc3-88b4-dd26bd7f121a,2026-09-20T10:53:12+00,2026-09-20T10:53:12+00
9ffd4f63-e849-46bd-9a42-b43a54a9e84b,144d9db2-8702-4b92-9711-0a57a3faa7c8,9cb07d8a-ba95-4bde-ad74-dfc40f4d1a35,2026-09-22T10:18:01+00,2026-09-22T10:18:01+00
58b4426e-a66d-4471-bb74-a9fb4b31350b,ef9245ec-a5b3-4e80-89e5-bcef7b11578c,cd6e2a5f-4785-4502-80b0-f411c7e85451,2026-09-19T20:37:41+00,2026-09-19T20:37:41+00
1e9f3920-2ba2-4d31-b631-0180a4395ab8,4c7d3b7c-ba64-4329-a995-be4990a7b264,cd292742-c294-4c6f-a2d3-6ceeff622fa3,2026-09-14T23:14:25+00,2026-09-14T23:14:25+00
6b822736-b433-4594-86b7-89e482a80ed7,4628006c-2634-45e2-91a2-41a475e39115,230fa550-1848-4a6b-a552-51c1ce047b4f,2026-09-19T10:48:02+00,2026-09-19T10:48:02+00
1d39c9e8-415c-4a9c-8e19-ce27e2613ab6,7c912978-b1d3-4b80-862a-cf640b4d54dd,7d34d202-32a8-4c33-9ff3-b10d0c9860f8,2026-09-19T05:28:25+00,2026-09-19T05:28:25+00
81934c1f-71cf-4354-b5a0-9a1d9776b93d,7436818b-8528-444b-ab38-4a58222f7851,44b82e25-5485-4a59-847a-1e488cdf7fae,2026-09-15T05:23:05+00,2026-09-15T05:23:05+00
12079378-2558-437e-89ab-3f01a35b5596,c68d9407-3284-43e1-b16e-85a8ae34979b,172a42a6-2556-401d-8d59-a95829c0b049,2026-09-19T05:14:51+00,2026-09-19T05:14:51+00
8a03d42e-10d0-455c-a0cc-07f9d7d5f908,ac6675e6-0b38-42d4-bf38-8959faea8863,d95e9185-0290-480e-8b9f-4ee42423352e,2026-09-22T11:01:32+00,2026-09-22T11:01:32+00
314684b7-01f9-4d82-8c3e-eb565d9c5ee8,4628006c-2634-45e2-91a2-41a475e39115,71053ed1-366a-4240-9c59-5f2484cff2d1,2026-09-18T01:16:53+00,2026-09-18T01:16:53+00
b0eaebf2-482b-4b77-81b7-943a3fc32738,f37f9e27-268c-49a1-be3a-cf722ed3d48b,8ed72482-bbb2-47ba-8a41-a0216c931c97,2026-09-11T19:10:47+00,2026-09-11T19:10:47+00
339acc8f-7ce4-478f-ac4c-f26b40681451,efbc2aeb-f83f-4d5d-9753-1c1696c6a099,5fb6d349-a8fc-4b18-b122-be1159db8c77,2026-08-28T11:41:10+00,2026-08-28T11:41:10+00
694483c8-373f-43e8-91bb-ca3c6b394dbd,3d51eefd-8b09-49a2-8ad2-305676775b05,e0197eb8-420e-46c2-ab4c-7353ce93fe44,2026-09-20T14:46:40+00,2026-09-20T14:46:40+00
c50d6966-83d8-472a-924e-7b8018616428,19367001-6484-4ad9-9f0d-fa10ce6462b6,32fb17f1-7d33-4907-b167-2785deb49bb8,2026-09-06T18:57:30+00,2026-09-06T18:57:30+00
3a1d296a-fd1b-4396-8f55-4728c8cbbf69,c739f2fc-dd85-46be-b5e8-6d764a514508,b69ab941-7531-46da-99bf-575adc856f4c,2026-09-22T08:57:42+00,2026-09-22T08:57:42+00
42254d8a-c5bd-4137-8094-c19a87b49a19,20a3c832-08ce-446f-b7f8-e12e142db636,32fb17f1-7d33-4907-b167-2785deb49bb8,2026-09-22T04:15:29+00,2026-09-22T04:15:29+00
7465ec86-5b8c-4dcf-87ec-ccace16f61b9,c865fd65-6910-45a5-9252-69f8fd02201b,b69ab941-7531-46da-99bf-575adc856f4c,2026-09-18T01:01:05+00,2026-09-18T01:01:05+00
2d31f9a9-af28-47b1-b97c-ad251d7aba2c,cccb5524-84e6-4404-bf62-c525a9439bd7,7ee0434e-d019-42a0-a953-0f966f36bea5,2026-09-07T20:01:41+00,2026-09-07T20:01:41+00
e95cf88c-1d48-4bb3-a314-ed8bbea30fdb,35732930-67f3-4140-8997-66b3e77e7014,5fb6d349-a8fc-4b18-b122-be1159db8c77,2026-09-04T05:41:45+00,2026-09-04T05:41:45+00
fc2ff54b-1977-42f8-a97b-f90e00ef2486,27aa2626-9c22-4ce9-b460-802788397fab,468f69cd-8fbe-44d0-ae8d-5f3c98e4ae1f,2026-09-18T11:31:31+00,2026-09-18T11:31:31+00
c21cde08-ea36-4e72-9e37-03713d95071d,35732930-67f3-4140-8997-66b3e77e7014,ddbd3840-101f-48b4-af11-b6f77188b2b1,2026-09-21T15:37:15+00,2026-09-21T15:37:15+00
5707e9e1-6784-4b68-be0a-dd14639f07ca,cccb5524-84e6-4404-bf62-c525a9439bd7,e95a5f51-bebf-4ec6-ba63-e50a45a5bcb1,2026-09-21T18:54:57+00,2026-09-21T18:54:57+00
9632c47b-8139-43ec-a48f-9bce44576711,cccb5524-84e6-4404-bf62-c525a9439bd7,31057864-f831-4527-a600-41e31a067091,2026-09-22T05:50:57+00,2026-09-22T05:50:57+00
488b9801-2f93-4b35-b5b9-2fd7ed02aa30,72e65af5-9e91-4099-88c2-8972779d4108,44b82e25-5485-4a59-847a-1e488cdf7fae,2026-09-18T10:20:56+00,2026-09-18T10:20:56+00
d7d5fe08-4c2e-40a7-bd59-4bf20bab6e37,c739f2fc-dd85-46be-b5e8-6d764a514508,4176f906-990e-451b-a1af-493bedb70181,2026-09-11T11:25:20+00,2026-09-11T11:25:20+00
f2552341-25d8-4454-987f-2191c190647b,4628006c-2634-45e2-91a2-41a475e39115,7d34d202-32a8-4c33-9ff3-b10d0c9860f8,2026-09-19T14:01:15+00,2026-09-19T14:01:15+00
376cfb94-87ca-4669-ae6e-00e451ff543d,b40e34f2-cd9d-4c15-b942-eeb1cdac5e68,5d563e21-9d3b-40c2-a5e5-31c0ca59c1d0,2026-09-20T22:01:42+00,2026-09-20T22:01:42+00
19a85b8c-b000-4299-872e-5107c062d210,af1f384e-71f2-4620-a619-b67a7f0f1a84,bb02f397-b7b6-43e3-90bd-50474f717c00,2026-09-21T23:03:00+00,2026-09-21T23:03:00+00
c944b60e-a4e6-40bb-acb3-bb2e6f98d8e7,144d9db2-8702-4b92-9711-0a57a3faa7c8,0cfbc2fc-805b-4dcf-a363-2b03f80ab2b4,2026-09-17T14:28:42+00,2026-09-17T14:28:42+00
120a32d8-7357-428e-8974-b46ae5797210,85830fbe-7792-4344-8e85-6c33e9f1f368,172a42a6-2556-401d-8d59-a95829c0b049,2026-09-15T05:24:40+00,2026-09-15T05:24:40+00
a6b505dd-7dc7-46aa-b22f-ce64a12ff2fa,20a3c832-08ce-446f-b7f8-e12e142db636,5d563e21-9d3b-40c2-a5e5-31c0ca59c1d0,2026-09-20T09:26:25+00,2026-09-20T09:26:25+00
d0fe581c-7c7f-4a4d-b9fb-075c94ebb25f,3d51eefd-8b09-49a2-8ad2-305676775b05,5d563e21-9d3b-40c2-a5e5-31c0ca59c1d0,2026-09-15T15:34:59+00,2026-09-15T15:34:59+00
325f8a7d-b14a-4584-8fa5-d7d8ead2f24d,c865fd65-6910-45a5-9252-69f8fd02201b,4e6fbb44-c848-4fc0-bad5-7f2265e25009,2026-09-21T19:50:18+00,2026-09-21T19:50:18+00
56f30a44-2b12-4986-bb0d-9bb137a5ed77,19367001-6484-4ad9-9f0d-fa10ce6462b6,35396ef5-bc74-43ed-a941-b538fad051f3,2026-09-09T00:51:59+00,2026-09-09T00:51:59+00
df020bb4-51d6-45d4-b079-d5fd96ef4f94,cccb5524-84e6-4404-bf62-c525a9439bd7,bb02f397-b7b6-43e3-90bd-50474f717c00,2026-09-08T01:16:32+00,2026-09-08T01:16:32+00
d613f578-110e-446c-b84b-6f7ba2cb8118,5f4a0667-45b5-469d-b30e-8b5129c82f54,0c7f2429-2f01-4720-9db3-c0b53fc49ea0,2026-09-16T03:52:11+00,2026-09-16T03:52:11+00
0d1d50ca-7d67-4393-9ef4-73a455a1b8bc,735fc5cb-dd91-46b6-94d6-d68143ec3f0e,bb835672-3fcb-4bc3-88b4-dd26bd7f121a,2026-09-15T15:32:20+00,2026-09-15T15:32:20+00
66ea3684-1c0c-4d5a-a4f9-ec4df82dfbd6,05f06301-174c-4ce0-88f7-31f622e82235,7d34d202-32a8-4c33-9ff3-b10d0c9860f8,2026-09-15T07:20:17+00,2026-09-15T07:20:17+00
1d2d8c7f-7cb6-4660-8354-b2ce181ad8a0,ac121499-0280-4b23-88b0-0f925f3a301e,9aed7334-81d5-4d31-b974-f0d98c464a35,2026-09-22T11:16:45+00,2026-09-22T11:16:45+00
55d8ca07-d21d-4b4f-8c2f-84ac32abac17,4c7d3b7c-ba64-4329-a995-be4990a7b264,230fa550-1848-4a6b-a552-51c1ce047b4f,2026-09-14T18:42:08+00,2026-09-14T18:42:08+00
80487851-ab08-4920-a445-e5cf0bedc222,ac121499-0280-4b23-88b0-0f925f3a301e,c41e6383-8a80-4c12-ab05-a9378261fe60,2026-08-31T13:51:13+00,2026-08-31T13:51:13+00
b9782458-cb8b-4052-8bcf-12152ba97234,efbc2aeb-f83f-4d5d-9753-1c1696c6a099,c92e8cfd-4e24-4c44-b362-9f2cc7c8dc75,2026-09-19T07:20:47+00,2026-09-19T07:20:47+00
e775e9cd-d58a-4194-a990-a8e698b22fee,cccb5524-84e6-4404-bf62-c525a9439bd7,e95a5f51-bebf-4ec6-ba63-e50a45a5bcb1,2026-09-20T16:34:59+00,2026-09-20T16:34:59+00
1a512713-d377-474c-be68-99092d1529f5,9937bb3c-c14e-4c6e-a02f-cc0ba7e326b6,40e48a68-9466-42e6-8e9b-9443af4d1576,2026-09-11T22:12:42+00,2026-09-11T22:12:42+00
3fda6fd4-eff3-46c6-8ff0-927f8086cba2,f37f9e27-268c-49a1-be3a-cf722ed3d48b,ca2a5e34-dd21-4cac-9354-633c4857c0c7,2026-08-29T08:55:50+00,2026-08-29T08:55:50+00
467f8cbf-fcbf-4ac8-a20c-5086519711c1,20a3c832-08ce-446f-b7f8-e12e142db636,71053ed1-366a-4240-9c59-5f2484cff2d1,2026-09-13T10:31:26+00,2026-09-13T10:31:26+00
6762fbce-4056-431f-a4de-4054b1162c0a,efbc2aeb-f83f-4d5d-9753-1c1696c6a099,7d34d202-32a8-4c33-9ff3-b10d0c9860f8,2026-09-17T09:28:05+00,2026-09-17T09:28:05+00
3249fee3-d290-42d4-a98f-7de0836ae1c5,144d9db2-8702-4b92-9711-0a57a3faa7c8,e95a5f51-bebf-4ec6-ba63-e50a45a5bcb1,2026-09-21T17:12:10+00,2026-09-21T17:12:10+00
6dd0c965-f56a-4998-97b8-48b14b247e47,3d51eefd-8b09-49a2-8ad2-305676775b05,bb02f397-b7b6-43e3-90bd-50474f717c00,2026-09-02T19:51:07+00,2026-09-02T19:51:07+00
165ba71f-f73d-4ff5-8f25-67aac2b3b1fe,af1f384e-71f2-4620-a619-b67a7f0f1a84,1c5bc96a-5239-4631-b45a-b14aca7bc5a8,2026-09-15T02:48:43+00,2026-09-15T02:48:43+00
f0635276-b085-4aae-b180-9ada2ec98c98,cb73a5d8-749e-41c6-8bbf-3539531312d2,bb02f397-b7b6-43e3-90bd-50474f717c00,2026-09-19T13:50:39+00,2026-09-19T13:50:39+00
df983a84-3ca1-4e83-90ba-adf6f3f62ceb,721b08ab-8cae-4b82-a275-50139ff79484,d95e9185-0290-480e-8b9f-4ee42423352e,2026-09-22T10:51:34+00,2026-09-22T10:51:34+00
81ae69c1-5f37-40a3-882e-25423d4efb30,3d51eefd-8b09-49a2-8ad2-305676775b05,2be3c3fc-ac0c-4463-86c4-bf9fadce2a23,2026-09-21T06:12:45+00,2026-09-21T06:12:45+00
2e5cf715-4e48-4c5b-9bb0-369a851e9790,19367001-6484-4ad9-9f0d-fa10ce6462b6,bb02f397-b7b6-43e3-90bd-50474f717c00,2026-09-21T08:27:30+00,2026-09-21T08:27:30+00
85ebe416-e75e-44e7-a6ac-a12617fb1c72,c865fd65-6910-45a5-9252-69f8fd02201b,e0197eb8-420e-46c2-ab4c-7353ce93fe44,2026-09-19T12:56:02+00,2026-09-19T12:56:02+00
e97341e2-a681-462a-a443-76ab5826a90d,e9878408-1451-428d-bdcf-52911cf0b046,1d6e52b9-e368-46f4-b232-9a504be2e387,2026-09-19T05:14:29+00,2026-09-19T05:14:29+00
a4259784-0586-4e28-930f-7af8d96f3345,735fc5cb-dd91-46b6-94d6-d68143ec3f0e,01831610-1512-4aba-a0b8-ef22fa10e4f2,2026-09-17T07:50:13+00,2026-09-17T07:50:13+00
237d3107-46c2-4b51-a547-688c7c497680,ef9245ec-a5b3-4e80-89e5-bcef7b11578c,8ed72482-bbb2-47ba-8a41-a0216c931c97,2026-09-20T22:56:26+00,2026-09-20T22:56:26+00
7de39b15-cbad-4988-bd48-fb31eeaf4369,581ab6c1-719f-4c66-be38-a82e60863626,cdd1e069-d112-4d84-9abb-793702ad876d,2026-09-22T05:41:48+00,2026-09-22T05:41:48+00
c3342505-1735-4335-a951-5e78c2265884,4dfbca3c-b477-47d5-81da-3552059e9654,172a42a6-2556-401d-8d59-a95829c0b049,2026-09-13T01:48:44+00,2026-09-13T01:48:44+00
c75f187e-6e96-412d-b190-603c7cb10a18,3d51eefd-8b09-49a2-8ad2-305676775b05,cdbf5df9-22f7-4f20-ae16-4c4565d5849e,2026-09-20T07:54:14+00,2026-09-20T07:54:14+00
f1c53f01-5c22-41f6-bab3-f625b0062969,efbc2aeb-f83f-4d5d-9753-1c1696c6a099,1adf28c5-de8c-4c2f-b0a5-f561d3e54604,2026-09-20T20:09:03+00,2026-09-20T20:09:03+00
fbe79fe6-05e6-491f-9fc7-97a362969210,cb73a5d8-749e-41c6-8bbf-3539531312d2,b2140be7-fa6f-4dbf-aefb-46c9c2b433aa,2026-09-15T02:21:47+00,2026-09-15T02:21:47+00
bef5a0bb-7ce5-4379-8098-7dd1634cae97,3d51eefd-8b09-49a2-8ad2-305676775b05,7d34d202-32a8-4c33-9ff3-b10d0c9860f8,2026-09-19T13:06:17+00,2026-09-19T13:06:17+00
11cf4d7e-2a69-4179-b8c9-c752d0081ed2,35732930-67f3-4140-8997-66b3e77e7014,17a9f10f-ffa1-48df-b16a-be436983e59d,2026-09-08T18:59:16+00,2026-09-08T18:59:16+00
f72059c8-0756-46d1-987b-e30ebd744f72,c739f2fc-dd85-46be-b5e8-6d764a514508,5fb6d349-a8fc-4b18-b122-be1159db8c77,2026-09-22T03:10:13+00,2026-09-22T03:10:13+00
e881b8ba-1884-4bdf-965c-1b9c2949a10d,581ab6c1-719f-4c66-be38-a82e60863626,468f69cd-8fbe-44d0-ae8d-5f3c98e4ae1f,2026-08-29T10:00:24+00,2026-08-29T10:00:24+00
bc2b0406-0cc2-4edf-93dd-9bb4636850c3,19367001-6484-4ad9-9f0d-fa10ce6462b6,9aed7334-81d5-4d31-b974-f0d98c464a35,2026-09-16T01:28:06+00,2026-09-16T01:28:06+00
0ac34a5e-c317-4203-8b07-c9decf1ecc39,20a3c832-08ce-446f-b7f8-e12e142db636,cd6e2a5f-4785-4502-80b0-f411c7e85451,2026-08-24T03:35:40+00,2026-08-24T03:35:40+00
f257a081-54eb-48af-b6a7-565125db7f03,735fc5cb-dd91-46b6-94d6-d68143ec3f0e,05bf2c6f-6a9c-4b6d-855a-9aa5cf87c0c9,2026-08-24T05:44:20+00,2026-08-24T05:44:20+00
91d838f9-d32f-43d1-ae94-393e2803b7cf,721b08ab-8cae-4b82-a275-50139ff79484,7d34d202-32a8-4c33-9ff3-b10d0c9860f8,2026-09-03T23:51:38+00,2026-09-03T23:51:38+00
a9098689-6622-4e43-8b48-613831240862,c865fd65-6910-45a5-9252-69f8fd02201b,172a42a6-2556-401d-8d59-a95829c0b049,2026-09-08T04:15:53+00,2026-09-08T04:15:53+00
ed723e4a-e293-4fe1-8dd7-80a4fb7aa015,4628006c-2634-45e2-91a2-41a475e39115,440dc5fc-7d69-4f9b-a98a-c9626a1e058c,2026-09-15T19:09:48+00,2026-09-15T19:09:48+00
f1f20122-66b9-45ac-8d00-3586cf49534f,7c912978-b1d3-4b80-862a-cf640b4d54dd,b69ab941-7531-46da-99bf-575adc856f4c,2026-09-21T15:44:57+00,2026-09-21T15:44:57+00
1c417c8f-f147-473b-aa58-657e129fc170,5f4a0667-45b5-469d-b30e-8b5129c82f54,0c7f2429-2f01-4720-9db3-c0b53fc49ea0,2026-09-15T08:12:40+00,2026-09-15T08:12:40+00
25fe322f-8e7f-42a5-982f-e6327096d516,85830fbe-7792-4344-8e85-6c33e9f1f368,e9a6a245-d0e2-4e67-bf1d-1313956679ab,2026-09-04T15:24:20+00,2026-09-04T15:24:20+00
3dceeca8-befb-49e8-ba04-bf151a118a0f,5f4a0667-45b5-469d-b30e-8b5129c82f54,1adf28c5-de8c-4c2f-b0a5-f561d3e54604,2026-09-11T06:10:51+00,2026-09-11T06:10:51+00
030634d9-78f1-446c-9910-94e77e4cd3c2,27aa2626-9c22-4ce9-b460-802788397fab,d95e9185-0290-480e-8b9f-4ee42423352e,2026-09-22T03:33:41+00,2026-09-22T03:33:41+00
ae5d940c-eff7-4f25-8821-1b0251d1583b,ef9245ec-a5b3-4e80-89e5-bcef7b11578c,63605aa6-d4d2-4791-b97f-9b08f5c3f6a2,2026-09-14T14:37:10+00,2026-09-14T14:37:10+00
2e088871-ea22-47cb-b747-8bc488ecec39,4dfbca3c-b477-47d5-81da-3552059e9654,172a42a6-2556-401d-8d59-a95829c0b049,2026-09-22T08:59:57+00,2026-09-22T08:59:57+00
61451263-260d-4d5e-bcfa-355998efe728,721b08ab-8cae-4b82-a275-50139ff79484,bb835672-3fcb-4bc3-88b4-dd26bd7f121a,2026-09-05T16:53:46+00,2026-09-05T16:53:46+00
55595a57-32c7-4870-b3d2-b21b30cf5b3e,ef9245ec-a5b3-4e80-89e5-bcef7b11578c,a493474e-db90-45ba-8b0e-5b12946ea9fe,2026-09-14T20:09:13+00,2026-09-14T20:09:13+00
da78fdf2-34c5-47b0-8309-bf1d41a91d39,5761bde8-ab17-4155-9890-228859ae9d8c,86311483-338e-47b5-86da-72718a4177c8,2026-09-21T13:00:43+00,2026-09-21T13:00:43+00
d0209db6-4f66-48ca-89a9-9b138b44f4a9,ac121499-0280-4b23-88b0-0f925f3a301e,d8d690e7-8aa4-4544-8d95-a8c06ad5f40b,2026-09-06T15:08:10+00,2026-09-06T15:08:10+00
7e8f5396-820d-4b42-9cb6-9481b0520927,7c912978-b1d3-4b80-862a-cf640b4d54dd,ddbd3840-101f-48b4-af11-b6f77188b2b1,2026-09-22T09:30:30+00,2026-09-22T09:30:30+00
aae83900-57b5-446f-b4a8-ee6bb35f8e24,af1f384e-71f2-4620-a619-b67a7f0f1a84,0c7f2429-2f01-4720-9db3-c0b53fc49ea0,2026-08-24T20:59:20+00,2026-08-24T20:59:20+00
cf9ec491-0c64-4ab9-9bfc-e9663c904361,72e65af5-9e91-4099-88c2-8972779d4108,604517f6-afd6-4974-9e8f-1bb464ed9b79,2026-09-17T23:40:17+00,2026-09-17T23:40:17+00
2c6233f5-9874-4ae1-b2df-f70f81450b76,cccb5524-84e6-4404-bf62-c525a9439bd7,100d47d8-b9d2-4bbb-8f6f-1d9f55f47bb2,2026-09-07T20:16:24+00,2026-09-07T20:16:24+00
6f1e21ea-b399-4f3e-8fca-738d57b67031,721b08ab-8cae-4b82-a275-50139ff79484,31057864-f831-4527-a600-41e31a067091,2026-08-28T18:25:24+00,2026-08-28T18:25:24+00
02c72d0c-1f54-4332-966e-c44199253861,606a0a59-c082-4179-8dea-ce74f437ed4e,7f680da9-6337-41e4-9ce6-230190f5f088,2026-09-15T03:16:28+00,2026-09-15T03:16:28+00
0efa6cc0-8d1f-49bd-a26d-55b7b3cc69d2,5761bde8-ab17-4155-9890-228859ae9d8c,9937e485-c5f3-4332-b0ec-8e22dcc5f9a4,2026-09-22T11:48:42+00,2026-09-22T11:48:42+00
a3c7e69d-6484-4123-8ca9-f0a1d19f5337,581ab6c1-719f-4c66-be38-a82e60863626,468f69cd-8fbe-44d0-ae8d-5f3c98e4ae1f,2026-09-21T01:00:07+00,2026-09-21T01:00:07+00
65bfbdff-9e9e-472c-bf01-d903ff10c2d9,ac121499-0280-4b23-88b0-0f925f3a301e,4a9b629f-a02d-4e97-ab67-5c0a947a018a,2026-09-08T21:36:10+00,2026-09-08T21:36:10+00
cbdbeecc-820c-4afd-addf-f2972bf881f6,cb73a5d8-749e-41c6-8bbf-3539531312d2,d6afc1db-3fef-4d14-a210-bf8053846bad,2026-09-01T20:42:35+00,2026-09-01T20:42:35+00
1824e1fa-cfef-4aba-9f60-99583be11066,581ab6c1-719f-4c66-be38-a82e60863626,fdc7191b-7a11-4e94-a305-95e8773f4841,2026-09-03T00:36:14+00,2026-09-03T00:36:14+00
8d8cbb0a-1902-4786-9e33-5e948f7c51ec,e9878408-1451-428d-bdcf-52911cf0b046,4a9b629f-a02d-4e97-ab67-5c0a947a018a,2026-09-22T02:15:25+00,2026-09-22T02:15:25+00
cbb1bdec-eae1-4a20-9c84-149c69726142,efbc2aeb-f83f-4d5d-9753-1c1696c6a099,ddbd3840-101f-48b4-af11-b6f77188b2b1,2026-09-21T04:00:23+00,2026-09-21T04:00:23+00
fb3c227a-57a2-412f-9d33-204496bd3ad2,35732930-67f3-4140-8997-66b3e77e7014,f452cdf4-9099-449f-8345-e0a9eb870ac1,2026-09-18T07:30:30+00,2026-09-18T07:30:30+00
48713c94-b775-444f-8875-bc708f974b36,c68d9407-3284-43e1-b16e-85a8ae34979b,a0271692-7ba5-47e3-8a4c-25d31a3e1868,2026-09-14T00:50:47+00,2026-09-14T00:50:47+00
d972e015-e175-40df-bf3a-abaadbfa91a8,af1f384e-71f2-4620-a619-b67a7f0f1a84,89e315ef-bcfc-4239-a666-5fb1b85059b0,2026-09-21T20:23:15+00,2026-09-21T20:23:15+00
b35f5f3e-253f-44ad-9b5b-527676b3f30c,72e65af5-9e91-4099-88c2-8972779d4108,de20ec2b-54f5-4ce3-a949-e09863a2cbe5,2026-09-05T12:08:27+00,2026-09-05T12:08:27+00
b5a16fea-7343-4f82-9db1-2c9009d7e1e3,27aa2626-9c22-4ce9-b460-802788397fab,b69ab941-7531-46da-99bf-575adc856f4c,2026-09-15T21:31:35+00,2026-09-15T21:31:35+00
0a0d3cae-2ecc-4718-baae-d8fa789e5e2a,af1f384e-71f2-4620-a619-b67a7f0f1a84,44b82e25-5485-4a59-847a-1e488cdf7fae,2026-09-03T09:13:52+00,2026-09-03T09:13:52+00
b1f1bc84-e8a9-43ac-ab3a-23ef168ea40e,19367001-6484-4ad9-9f0d-fa10ce6462b6,17a9f10f-ffa1-48df-b16a-be436983e59d,2026-09-04T14:25:50+00,2026-09-04T14:25:50+00
66ff4622-51bc-43bc-8a60-7d4d9008f590,581ab6c1-719f-4c66-be38-a82e60863626,63605aa6-d4d2-4791-b97f-9b08f5c3f6a2,2026-09-14T08:03:35+00,2026-09-14T08:03:35+00
a192f505-ccd1-48ed-9926-db72bcdcbf46,7436818b-8528-444b-ab38-4a58222f7851,dae1e1c6-681f-4605-bf23-0df8425a5fdd,2026-09-02T20:11:55+00,2026-09-02T20:11:55+00
6eafbcf5-f669-4483-9970-6791a4b90509,05f06301-174c-4ce0-88f7-31f622e82235,01831610-1512-4aba-a0b8-ef22fa10e4f2,2026-08-30T15:18:31+00,2026-08-30T15:18:31+00
e23896d5-0e10-49d6-b6c0-34d5734a44f0,5f4a0667-45b5-469d-b30e-8b5129c82f54,01862663-a932-404d-8369-32f39f55179f,2026-09-14T16:12:58+00,2026-09-14T16:12:58+00
181a4fac-0bff-4439-b6dd-d80d8b24b2ae,ac6675e6-0b38-42d4-bf38-8959faea8863,dae1e1c6-681f-4605-bf23-0df8425a5fdd,2026-09-20T22:19:12+00,2026-09-20T22:19:12+00
a2a7cd44-c3ef-480e-8ebb-10fd5441f85a,ac121499-0280-4b23-88b0-0f925f3a301e,0c7f2429-2f01-4720-9db3-c0b53fc49ea0,2026-09-13T14:46:48+00,2026-09-13T14:46:48+00
623ce446-c4b8-46e8-ae33-ef18758e0709,4c7d3b7c-ba64-4329-a995-be4990a7b264,08f4ec3b-9b4d-4624-bb3a-657139232f36,2026-09-22T11:14:26+00,2026-09-22T11:14:26+00
2871ed06-d443-4787-8d2a-0ce41890fa54,f37f9e27-268c-49a1-be3a-cf722ed3d48b,e76d5df1-cc89-4822-b51d-c4d5c9956793,2026-08-28T00:57:45+00,2026-08-28T00:57:45+00
03902a1e-5c88-44eb-a2b0-0a5c7970fcc6,19367001-6484-4ad9-9f0d-fa10ce6462b6,b6f7df8e-425b-4b69-9f7b-9707ee7cf94d,2026-09-22T11:44:17+00,2026-09-22T11:44:17+00
1a9972ea-bea1-419c-8d32-58f6d64637d6,cccb5524-84e6-4404-bf62-c525a9439bd7,31057864-f831-4527-a600-41e31a067091,2026-09-17T13:31:04+00,2026-09-17T13:31:04+00
f5dafbf1-e12a-4700-a0b3-4274f2628099,cccb5524-84e6-4404-bf62-c525a9439bd7,1adf28c5-de8c-4c2f-b0a5-f561d3e54604,2026-09-12T19:30:33+00,2026-09-12T19:30:33+00
20ee656c-a942-4e8f-b7b6-eb186046ff36,cccb5524-84e6-4404-bf62-c525a9439bd7,32fb17f1-7d33-4907-b167-2785deb49bb8,2026-09-16T03:48:28+00,2026-09-16T03:48:28+00
18aaec5a-cb0a-4426-afb3-4222858cd624,20a3c832-08ce-446f-b7f8-e12e142db636,9267ea31-35d5-49ef-8e0f-0a2f29735c8c,2026-09-05T15:21:06+00,2026-09-05T15:21:06+00
c2378f80-d3f5-4e26-b8fc-8de3a831f1f4,05f06301-174c-4ce0-88f7-31f622e82235,7ee0434e-d019-42a0-a953-0f966f36bea5,2026-09-20T19:16:59+00,2026-09-20T19:16:59+00
448d3a1b-01d9-4e85-9782-b8e5052b1210,f37f9e27-268c-49a1-be3a-cf722ed3d48b,7ee0434e-d019-42a0-a953-0f966f36bea5,2026-09-13T07:51:43+00,2026-09-13T07:51:43+00
a40b3fef-4ce1-4e8d-9f10-6c078fd40454,05f06301-174c-4ce0-88f7-31f622e82235,c92e8cfd-4e24-4c44-b362-9f2cc7c8dc75,2026-09-20T07:44:51+00,2026-09-20T07:44:51+00
625441b4-d491-4cdf-b3d1-1a8b7b7c34c3,606a0a59-c082-4179-8dea-ce74f437ed4e,e76d5df1-cc89-4822-b51d-c4d5c9956793,2026-09-14T07:24:40+00,2026-09-14T07:24:40+00
c91e9b7a-3ac7-4992-b541-f7443c74f687,3d51eefd-8b09-49a2-8ad2-305676775b05,8218aa0a-9277-41ca-a88d-d8bda003edfa,2026-09-16T15:06:05+00,2026-09-16T15:06:05+00
e0260a99-a6f3-47e3-b07a-ef22bd12f0d0,19367001-6484-4ad9-9f0d-fa10ce6462b6,1d6e52b9-e368-46f4-b232-9a504be2e387,2026-09-19T08:51:47+00,2026-09-19T08:51:47+00
06f60c54-c904-4d3f-b672-6b5ce7f88761,ac121499-0280-4b23-88b0-0f925f3a301e,cdd1e069-d112-4d84-9abb-793702ad876d,2026-09-20T21:49:05+00,2026-09-20T21:49:05+00
f5237a7e-bdab-4e05-ae42-9131d942c5f8,b40e34f2-cd9d-4c15-b942-eeb1cdac5e68,080b61d6-0886-4803-b0c9-4ed29179dceb,2026-09-21T04:27:55+00,2026-09-21T04:27:55+00
2cc70e57-0290-4a54-bc76-36f949816e3c,4628006c-2634-45e2-91a2-41a475e39115,35396ef5-bc74-43ed-a941-b538fad051f3,2026-08-31T06:12:44+00,2026-08-31T06:12:44+00
3f69c240-5da6-400d-95ee-f06d1e1712ad,eaba9a70-e32b-43b0-a1ca-9d8c50e909d3,63605aa6-d4d2-4791-b97f-9b08f5c3f6a2,2026-09-22T11:35:34+00,2026-09-22T11:35:34+00
bea08ffc-d06a-414f-883d-a13754aba9ac,e9878408-1451-428d-bdcf-52911cf0b046,17a9f10f-ffa1-48df-b16a-be436983e59d,2026-08-30T14:37:07+00,2026-08-30T14:37:07+00
3cb5f570-c458-457b-a902-f978667a1a98,5f4a0667-45b5-469d-b30e-8b5129c82f54,0ba4cd4d-0beb-4ca7-81f1-44d2088dd0c7,2026-09-02T08:33:09+00,2026-09-02T08:33:09+00
16246097-fce5-4fb6-9865-50087f7d8c18,20a3c832-08ce-446f-b7f8-e12e142db636,b69ab941-7531-46da-99bf-575adc856f4c,2026-09-20T22:51:24+00,2026-09-20T22:51:24+00
2f590c8c-554f-402b-a07e-925870c9edc7,4dfbca3c-b477-47d5-81da-3552059e9654,3cd8777a-1334-4164-b473-9809b5910861,2026-09-08T11:18:04+00,2026-09-08T11:18:04+00
ff6d4e4d-cb8b-43c6-9ae5-6a30a7456490,20a3c832-08ce-446f-b7f8-e12e142db636,7d34d202-32a8-4c33-9ff3-b10d0c9860f8,2026-09-20T03:30:24+00,2026-09-20T03:30:24+00
c22a9d52-0d1a-434f-8a6a-b05f4a9df813,72e65af5-9e91-4099-88c2-8972779d4108,e76d5df1-cc89-4822-b51d-c4d5c9956793,2026-09-18T21:51:32+00,2026-09-18T21:51:32+00
80419279-abd4-4205-83da-84bd67ace42a,3d51eefd-8b09-49a2-8ad2-305676775b05,c92e8cfd-4e24-4c44-b362-9f2cc7c8dc75,2026-09-19T19:23:01+00,2026-09-19T19:23:01+00
aa7bf17d-6a41-4d51-b178-0d546f43441e,efbc2aeb-f83f-4d5d-9753-1c1696c6a099,5fb6d349-a8fc-4b18-b122-be1159db8c77,2026-09-15T14:37:58+00,2026-09-15T14:37:58+00
d6669530-8be6-4596-80b0-a2b5aa1f83bd,ef9245ec-a5b3-4e80-89e5-bcef7b11578c,19ee7d08-f4f8-44b3-a728-150a15c26889,2026-09-16T11:40:45+00,2026-09-16T11:40:45+00
4ba23d7c-ce14-4e81-b88c-fae616931ab4,cccb5524-84e6-4404-bf62-c525a9439bd7,d95e9185-0290-480e-8b9f-4ee42423352e,2026-09-20T09:42:46+00,2026-09-20T09:42:46+00
2fa74faf-f1c7-4490-b461-df786d0968ee,144d9db2-8702-4b92-9711-0a57a3faa7c8,89e315ef-bcfc-4239-a666-5fb1b85059b0,2026-09-14T12:15:40+00,2026-09-14T12:15:40+00
ae39e0e3-04f6-4e8b-8a49-94f3d2b7cb15,581ab6c1-719f-4c66-be38-a82e60863626,5d563e21-9d3b-40c2-a5e5-31c0ca59c1d0,2026-09-18T07:30:21+00,2026-09-18T07:30:21+00
7c3fe753-2498-469c-b6eb-9e0e63b4d042,05f06301-174c-4ce0-88f7-31f622e82235,5dd01e58-3885-48cd-b9ae-835c34be6be3,2026-09-06T22:07:13+00,2026-09-06T22:07:13+00
911e9de5-58ed-436d-95bb-b7b57dd54942,ef9245ec-a5b3-4e80-89e5-bcef7b11578c,dae1e1c6-681f-4605-bf23-0df8425a5fdd,2026-09-15T01:32:52+00,2026-09-15T01:32:52+00
de5159da-a817-4fc6-ae1b-4b393f55affe,cb73a5d8-749e-41c6-8bbf-3539531312d2,230fa550-1848-4a6b-a552-51c1ce047b4f,2026-09-17T03:38:28+00,2026-09-17T03:38:28+00
af6568d2-ecbd-45c7-ba1c-93a999a398e5,581ab6c1-719f-4c66-be38-a82e60863626,1d683812-291b-4c0e-b846-c2f9912a79c7,2026-09-12T12:28:42+00,2026-09-12T12:28:42+00
5a119d35-a66e-4e85-901a-8f896f6ea343,ac6675e6-0b38-42d4-bf38-8959faea8863,d95e9185-0290-480e-8b9f-4ee42423352e,2026-09-22T11:06:35+00,2026-09-22T11:06:35+00
9b3b68a2-eedd-42fb-b1a7-61fdf9495ae4,efbc2aeb-f83f-4d5d-9753-1c1696c6a099,bb02f397-b7b6-43e3-90bd-50474f717c00,2026-09-18T21:53:54+00,2026-09-18T21:53:54+00
6ab05b79-1a1d-4bcd-bf36-f855d504b144,4628006c-2634-45e2-91a2-41a475e39115,17a9f10f-ffa1-48df-b16a-be436983e59d,2026-08-27T21:39:32+00,2026-08-27T21:39:32+00
01046d26-cde8-460e-85fa-6fc72e94eb77,721b08ab-8cae-4b82-a275-50139ff79484,100d47d8-b9d2-4bbb-8f6f-1d9f55f47bb2,2026-09-17T01:59:54+00,2026-09-17T01:59:54+00
4cb8cd8b-3b6c-43dc-bec4-c10c67f50035,721b08ab-8cae-4b82-a275-50139ff79484,080b61d6-0886-4803-b0c9-4ed29179dceb,2026-09-21T20:39:09+00,2026-09-21T20:39:09+00
c1a99f34-32d5-49ed-8249-0e59acacc765,5f4a0667-45b5-469d-b30e-8b5129c82f54,d7741da8-8db4-4a40-8c15-497191baf76e,2026-09-17T08:31:32+00,2026-09-17T08:31:32+00
b863a8a9-0b82-49b2-90ac-54794e7b825c,85830fbe-7792-4344-8e85-6c33e9f1f368,468f69cd-8fbe-44d0-ae8d-5f3c98e4ae1f,2026-09-13T13:56:09+00,2026-09-13T13:56:09+00
3b52dcbe-0492-4f52-9aee-f174e2b5ad41,19367001-6484-4ad9-9f0d-fa10ce6462b6,28971ae8-8a93-4306-b905-42c0db937799,2026-09-06T08:59:52+00,2026-09-06T08:59:52+00
1be24307-341e-439f-ab00-4d9de47c95fc,85830fbe-7792-4344-8e85-6c33e9f1f368,9faa224c-92ff-4e93-a501-dcb594dc7e0a,2026-09-05T15:46:19+00,2026-09-05T15:46:19+00
a5f813ec-b81b-410d-a297-cc3811535895,5f4a0667-45b5-469d-b30e-8b5129c82f54,17a9f10f-ffa1-48df-b16a-be436983e59d,2026-09-09T10:46:23+00,2026-09-09T10:46:23+00
c6548f36-2589-4d5a-b364-ac8eb2aadedb,7436818b-8528-444b-ab38-4a58222f7851,2759c2d9-fac2-4f0a-9633-9c054df555e9,2026-09-21T10:06:57+00,2026-09-21T10:06:57+00
79ffbee9-6edf-42b0-94b8-d57a18de97dd,5761bde8-ab17-4155-9890-228859ae9d8c,cd6e2a5f-4785-4502-80b0-f411c7e85451,2026-09-21T05:14:23+00,2026-09-21T05:14:23+00
d6f36739-1723-4dc4-a253-e82db7f5b15b,e9878408-1451-428d-bdcf-52911cf0b046,71053ed1-366a-4240-9c59-5f2484cff2d1,2026-09-21T04:18:56+00,2026-09-21T04:18:56+00
a02f6e6d-faf0-47ab-9718-7cbf15bf9c6b,ac6675e6-0b38-42d4-bf38-8959faea8863,de20ec2b-54f5-4ce3-a949-e09863a2cbe5,2026-09-15T09:21:41+00,2026-09-15T09:21:41+00
ded19faf-c21b-409e-aa69-d66c265653ed,cccb5524-84e6-4404-bf62-c525a9439bd7,cdbf5df9-22f7-4f20-ae16-4c4565d5849e,2026-09-21T20:44:49+00,2026-09-21T20:44:49+00
a0365315-d295-4a45-b9d8-601fb82d7ce8,b40e34f2-cd9d-4c15-b942-eeb1cdac5e68,fab85b51-d22f-44ec-b151-d9ccff8c1ace,2026-09-22T09:54:01+00,2026-09-22T09:54:01+00
656348c4-6aa0-4180-ba7c-cc66c3d2592d,c865fd65-6910-45a5-9252-69f8fd02201b,e76d5df1-cc89-4822-b51d-c4d5c9956793,2026-09-02T10:32:05+00,2026-09-02T10:32:05+00
70c59804-5ac9-4a85-962e-7b7023a301ba,4628006c-2634-45e2-91a2-41a475e39115,1d683812-291b-4c0e-b846-c2f9912a79c7,2026-09-01T02:36:09+00,2026-09-01T02:36:09+00
12f80c65-dd09-4432-8679-0de35b3ed5e1,4c7d3b7c-ba64-4329-a995-be4990a7b264,72e7ee8b-cd7b-464b-a0d9-5dfa6071f45b,2026-09-12T00:21:25+00,2026-09-12T00:21:25+00
c8192c64-0c51-4ed4-834a-ee59a25168c7,ef9245ec-a5b3-4e80-89e5-bcef7b11578c,5fb6d349-a8fc-4b18-b122-be1159db8c77,2026-09-13T19:35:31+00,2026-09-13T19:35:31+00
ebf36faf-f172-4aec-ad0d-91088fd3d1df,721b08ab-8cae-4b82-a275-50139ff79484,59f45848-7440-4fc1-b3b3-7d746982d57b,2026-09-22T07:28:06+00,2026-09-22T07:28:06+00
d25dc6c4-9a37-4b0d-a177-71e1c67fcdd5,e9878408-1451-428d-bdcf-52911cf0b046,1d6e52b9-e368-46f4-b232-9a504be2e387,2026-09-12T08:29:19+00,2026-09-12T08:29:19+00
45df157a-ffe7-40f6-a99a-b4ca9a632dde,5f4a0667-45b5-469d-b30e-8b5129c82f54,023faaaa-5a37-4bf8-8060-85dfa768feb5,2026-09-10T06:42:11+00,2026-09-10T06:42:11+00
dd85968c-fffb-4032-b8a4-e4fb6946693d,144d9db2-8702-4b92-9711-0a57a3faa7c8,468f69cd-8fbe-44d0-ae8d-5f3c98e4ae1f,2026-09-22T00:30:36+00,2026-09-22T00:30:36+00
52fcc6bf-fec7-405b-ba6a-caa7d79fdff1,5f4a0667-45b5-469d-b30e-8b5129c82f54,d43d8fb2-0841-4a99-ae02-6d88b5c5a5b7,2026-09-05T14:03:59+00,2026-09-05T14:03:59+00
57855bd9-bb78-41f5-a526-57c9e68aad1d,5761bde8-ab17-4155-9890-228859ae9d8c,023faaaa-5a37-4bf8-8060-85dfa768feb5,2026-09-21T21:50:08+00,2026-09-21T21:50:08+00
499b1b62-9c6a-4c00-afc5-ff24a00e356e,cccb5524-84e6-4404-bf62-c525a9439bd7,230fa550-1848-4a6b-a552-51c1ce047b4f,2026-09-22T03:33:34+00,2026-09-22T03:33:34+00
afad2f98-5c48-4e21-8d30-fc933faff36a,35732930-67f3-4140-8997-66b3e77e7014,19ee7d08-f4f8-44b3-a728-150a15c26889,2026-09-05T13:14:07+00,2026-09-05T13:14:07+00
8ce17cdf-c0a5-4c41-845f-95e8c4b05adf,cb73a5d8-749e-41c6-8bbf-3539531312d2,fdc7191b-7a11-4e94-a305-95e8773f4841,2026-09-21T19:07:08+00,2026-09-21T19:07:08+00
d7fcc882-ae15-49f9-9521-5001b0564d4f,4628006c-2634-45e2-91a2-41a475e39115,100d47d8-b9d2-4bbb-8f6f-1d9f55f47bb2,2026-09-14T14:01:47+00,2026-09-14T14:01:47+00
c6f02edc-faf9-45dc-a386-4a298729f278,efbc2aeb-f83f-4d5d-9753-1c1696c6a099,1d6e52b9-e368-46f4-b232-9a504be2e387,2026-09-21T23:00:45+00,2026-09-21T23:00:45+00
1fad83e5-c12f-4397-af01-6b92d28fd270,cccb5524-84e6-4404-bf62-c525a9439bd7,0cfbc2fc-805b-4dcf-a363-2b03f80ab2b4,2026-09-21T23:08:50+00,2026-09-21T23:08:50+00
16344e14-a511-4b44-bb55-58e395e70ba7,ac121499-0280-4b23-88b0-0f925f3a301e,72e7ee8b-cd7b-464b-a0d9-5dfa6071f45b,2026-09-20T14:25:13+00,2026-09-20T14:25:13+00
cff830dd-ffcf-4243-8db7-6f1e956f4ecb,e9878408-1451-428d-bdcf-52911cf0b046,d6afc1db-3fef-4d14-a210-bf8053846bad,2026-09-02T15:25:52+00,2026-09-02T15:25:52+00
25442b8a-f794-4ba5-bf4c-37ca7e2452b3,35732930-67f3-4140-8997-66b3e77e7014,9dabba0a-03cb-4316-9ead-56cfd053fcd1,2026-09-17T12:59:32+00,2026-09-17T12:59:32+00
c4aeb4e6-1431-4b45-b8c8-3268b8bb8f0c,5761bde8-ab17-4155-9890-228859ae9d8c,84a5be0f-fe8b-4d0e-a578-f348351ee343,2026-09-20T17:13:12+00,2026-09-20T17:13:12+00
f1b21376-6106-4d3b-8cda-64789c3d4533,7c912978-b1d3-4b80-862a-cf640b4d54dd,59f45848-7440-4fc1-b3b3-7d746982d57b,2026-09-22T09:55:15+00,2026-09-22T09:55:15+00
20c3da14-6c51-488e-8b34-9451dce8bbd0,19367001-6484-4ad9-9f0d-fa10ce6462b6,b2140be7-fa6f-4dbf-aefb-46c9c2b433aa,2026-09-17T08:16:17+00,2026-09-17T08:16:17+00
617848c0-b90c-4346-8338-0eaf0b5c566d,4c7d3b7c-ba64-4329-a995-be4990a7b264,0cfbc2fc-805b-4dcf-a363-2b03f80ab2b4,2026-09-14T21:34:02+00,2026-09-14T21:34:02+00
134c1575-3d68-4b2e-b279-2afc03a640a2,c68d9407-3284-43e1-b16e-85a8ae34979b,72e7ee8b-cd7b-464b-a0d9-5dfa6071f45b,2026-09-07T14:50:07+00,2026-09-07T14:50:07+00
76e0358e-1880-4e36-bd7e-4839a1a1b07b,f37f9e27-268c-49a1-be3a-cf722ed3d48b,2978ed6e-62ef-478a-b39f-46bd09591aec,2026-09-22T10:49:08+00,2026-09-22T10:49:08+00
fbca829d-fc5f-40b0-b473-0482d4f54e5f,721b08ab-8cae-4b82-a275-50139ff79484,71b2eb75-408e-484e-bdba-e872ca870fdd,2026-09-21T19:37:59+00,2026-09-21T19:37:59+00
79230183-3397-4e4d-850f-b7e8cdaff502,7c912978-b1d3-4b80-862a-cf640b4d54dd,e7a41a17-6668-487e-8b9a-7177e86df14a,2026-09-22T07:10:51+00,2026-09-22T07:10:51+00
97e4c6d2-97b0-4ee8-8f00-6bdcfdbf0409,144d9db2-8702-4b92-9711-0a57a3faa7c8,172a42a6-2556-401d-8d59-a95829c0b049,2026-09-21T15:14:51+00,2026-09-21T15:14:51+00
a4816a44-8f17-4d7a-87c8-d10b95b0843e,af1f384e-71f2-4620-a619-b67a7f0f1a84,28971ae8-8a93-4306-b905-42c0db937799,2026-09-19T14:04:39+00,2026-09-19T14:04:39+00
ebd91cba-032f-4279-afa7-0277335009a3,ef9245ec-a5b3-4e80-89e5-bcef7b11578c,0c7f2429-2f01-4720-9db3-c0b53fc49ea0,2026-09-21T06:11:17+00,2026-09-21T06:11:17+00
7deb3d65-f011-492f-a0a0-a1ac63d0d5b8,735fc5cb-dd91-46b6-94d6-d68143ec3f0e,5d563e21-9d3b-40c2-a5e5-31c0ca59c1d0,2026-09-18T13:03:02+00,2026-09-18T13:03:02+00
0e547834-b636-42d1-9217-f9be115e23e3,721b08ab-8cae-4b82-a275-50139ff79484,2978ed6e-62ef-478a-b39f-46bd09591aec,2026-09-22T07:28:44+00,2026-09-22T07:28:44+00
81025a95-3b43-480e-8008-8de59f90299e,3d51eefd-8b09-49a2-8ad2-305676775b05,de20ec2b-54f5-4ce3-a949-e09863a2cbe5,2026-09-10T05:29:37+00,2026-09-10T05:29:37+00
84864a25-f90e-49cd-9729-3e76430b6676,cccb5524-84e6-4404-bf62-c525a9439bd7,e0197eb8-420e-46c2-ab4c-7353ce93fe44,2026-09-22T03:41:55+00,2026-09-22T03:41:55+00
9cd30f57-16e8-4ef1-81b1-b79dd2940057,4c7d3b7c-ba64-4329-a995-be4990a7b264,71053ed1-366a-4240-9c59-5f2484cff2d1,2026-09-21T20:04:38+00,2026-09-21T20:04:38+00
87c18e6c-ed69-4b79-a651-38d9c944fe99,7c912978-b1d3-4b80-862a-cf640b4d54dd,bb02f397-b7b6-43e3-90bd-50474f717c00,2026-09-22T11:46:56+00,2026-09-22T11:46:56+00
fac8d7ef-77a5-41e4-99cd-468660716b22,72e65af5-9e91-4099-88c2-8972779d4108,7d0546c8-0b4c-487e-b81f-60f0ca99626e,2026-09-20T12:56:08+00,2026-09-20T12:56:08+00
ca97886c-90fe-420a-87e1-6450c0ee1672,b40e34f2-cd9d-4c15-b942-eeb1cdac5e68,9faa224c-92ff-4e93-a501-dcb594dc7e0a,2026-09-18T21:46:40+00,2026-09-18T21:46:40+00
b14af258-424b-4b74-b0db-3e8360ca62c0,4dfbca3c-b477-47d5-81da-3552059e9654,ca2a5e34-dd21-4cac-9354-633c4857c0c7,2026-09-19T21:59:13+00,2026-09-19T21:59:13+00
ac6508a0-ad3c-4b58-bcc7-7eee9754d93b,27aa2626-9c22-4ce9-b460-802788397fab,c23358d7-631c-4cc2-a49f-718ce03f4d85,2026-09-13T05:25:33+00,2026-09-13T05:25:33+00
056e13e5-1707-454a-bacf-1b74e311ca7e,cccb5524-84e6-4404-bf62-c525a9439bd7,e9a6a245-d0e2-4e67-bf1d-1313956679ab,2026-09-19T03:40:33+00,2026-09-19T03:40:33+00
6df1b7f1-6295-409d-b1e2-c245b1b00d44,72e65af5-9e91-4099-88c2-8972779d4108,28971ae8-8a93-4306-b905-42c0db937799,2026-09-21T17:00:16+00,2026-09-21T17:00:16+00
c44f0585-2308-4d72-9775-3f3c8c4ebe92,19367001-6484-4ad9-9f0d-fa10ce6462b6,9937e485-c5f3-4332-b0ec-8e22dcc5f9a4,2026-09-13T04:08:53+00,2026-09-13T04:08:53+00
29ca9ca2-72f1-4b45-a89c-4a535098f745,581ab6c1-719f-4c66-be38-a82e60863626,fab85b51-d22f-44ec-b151-d9ccff8c1ace,2026-09-20T04:46:17+00,2026-09-20T04:46:17+00
493790a0-7cc6-4df9-8141-cdf81a1629a9,4628006c-2634-45e2-91a2-41a475e39115,8218aa0a-9277-41ca-a88d-d8bda003edfa,2026-09-13T16:49:32+00,2026-09-13T16:49:32+00
c3e9f6f1-2d4b-46ba-a3bc-e682f1b53040,7436818b-8528-444b-ab38-4a58222f7851,8d7bcb69-b06a-4c91-8bee-fbaa7dc12271,2026-09-22T06:19:25+00,2026-09-22T06:19:25+00
a879e685-835c-45e6-8a56-98acab75875e,85830fbe-7792-4344-8e85-6c33e9f1f368,a0271692-7ba5-47e3-8a4c-25d31a3e1868,2026-09-18T23:37:04+00,2026-09-18T23:37:04+00
3b38fcdb-c462-4d21-a74e-f1406ffdffae,35732930-67f3-4140-8997-66b3e77e7014,9aed7334-81d5-4d31-b974-f0d98c464a35,2026-09-22T02:23:03+00,2026-09-22T02:23:03+00
6fdab006-88c6-45ea-a6e0-8016443568a1,85830fbe-7792-4344-8e85-6c33e9f1f368,172a42a6-2556-401d-8d59-a95829c0b049,2026-09-15T07:28:03+00,2026-09-15T07:28:03+00
3408050e-090b-49ef-ae9c-99fa89bbc6bd,27aa2626-9c22-4ce9-b460-802788397fab,35396ef5-bc74-43ed-a941-b538fad051f3,2026-08-26T02:55:17+00,2026-08-26T02:55:17+00
77aea974-dcec-4f4a-ac14-9d05c8faff99,20a3c832-08ce-446f-b7f8-e12e142db636,17a9f10f-ffa1-48df-b16a-be436983e59d,2026-09-04T05:36:56+00,2026-09-04T05:36:56+00
ead7716c-c339-439c-bafb-b570575ebb8e,c68d9407-3284-43e1-b16e-85a8ae34979b,a0271692-7ba5-47e3-8a4c-25d31a3e1868,2026-09-04T02:51:12+00,2026-09-04T02:51:12+00
bafa59b7-a9ba-47c3-a4a8-7fac1bbab2d6,efbc2aeb-f83f-4d5d-9753-1c1696c6a099,100d47d8-b9d2-4bbb-8f6f-1d9f55f47bb2,2026-09-14T16:36:07+00,2026-09-14T16:36:07+00
735a339b-c2ab-4bc1-a538-7db36a249a80,4c7d3b7c-ba64-4329-a995-be4990a7b264,fc91640c-4b31-406c-9f6f-71c5be47c422,2026-09-22T06:42:43+00,2026-09-22T06:42:43+00
8fa49c39-f80d-471c-861c-735dbd6a5b5b,9937bb3c-c14e-4c6e-a02f-cc0ba7e326b6,9aed7334-81d5-4d31-b974-f0d98c464a35,2026-09-21T22:47:14+00,2026-09-21T22:47:14+00
cd580c62-70c2-4fbf-9330-201dc3024ef2,606a0a59-c082-4179-8dea-ce74f437ed4e,71b2eb75-408e-484e-bdba-e872ca870fdd,2026-09-07T07:39:57+00,2026-09-07T07:39:57+00
a3664ea9-b749-495d-b1f2-86f6125fd60f,85830fbe-7792-4344-8e85-6c33e9f1f368,5dd01e58-3885-48cd-b9ae-835c34be6be3,2026-08-30T17:37:05+00,2026-08-30T17:37:05+00
c9de3811-a717-4b97-9a25-98bf44355f56,e9878408-1451-428d-bdcf-52911cf0b046,a493474e-db90-45ba-8b0e-5b12946ea9fe,2026-09-14T00:40:08+00,2026-09-14T00:40:08+00
9c2df3d8-2fde-4157-92df-7cf023fc7730,4c7d3b7c-ba64-4329-a995-be4990a7b264,4176f906-990e-451b-a1af-493bedb70181,2026-09-04T03:14:20+00,2026-09-04T03:14:20+00
f6275117-a552-40d7-8922-d5ceec7323e3,ef9245ec-a5b3-4e80-89e5-bcef7b11578c,1adf28c5-de8c-4c2f-b0a5-f561d3e54604,2026-09-21T07:27:55+00,2026-09-21T07:27:55+00
f3d1256e-b46d-4b19-a7c5-4cbf0bf85cf4,b40e34f2-cd9d-4c15-b942-eeb1cdac5e68,2759c2d9-fac2-4f0a-9633-9c054df555e9,2026-09-05T12:11:16+00,2026-09-05T12:11:16+00
493c20f7-3217-468d-a104-bc7337102493,4628006c-2634-45e2-91a2-41a475e39115,8ed72482-bbb2-47ba-8a41-a0216c931c97,2026-09-13T04:40:58+00,2026-09-13T04:40:58+00
1979862c-51da-41b1-a736-d7c6e5f4e9b6,05f06301-174c-4ce0-88f7-31f622e82235,84a5be0f-fe8b-4d0e-a578-f348351ee343,2026-09-22T09:20:25+00,2026-09-22T09:20:25+00
ae7bba6f-9fee-471b-b8d6-98f6371bedc1,f37f9e27-268c-49a1-be3a-cf722ed3d48b,e0197eb8-420e-46c2-ab4c-7353ce93fe44,2026-09-21T00:01:26+00,2026-09-21T00:01:26+00
6d6d8a93-b0e2-4a8c-af51-80b99ddf414f,581ab6c1-719f-4c66-be38-a82e60863626,fdc7191b-7a11-4e94-a305-95e8773f4841,2026-09-11T02:06:48+00,2026-09-11T02:06:48+00
5525c2a0-a98e-4f16-a296-9c75641bc883,20a3c832-08ce-446f-b7f8-e12e142db636,08f4ec3b-9b4d-4624-bb3a-657139232f36,2026-09-15T16:20:21+00,2026-09-15T16:20:21+00
7a5da574-003a-4126-8ae2-245eb3065d3c,7c912978-b1d3-4b80-862a-cf640b4d54dd,9aed7334-81d5-4d31-b974-f0d98c464a35,2026-09-10T12:29:20+00,2026-09-10T12:29:20+00
ffc2eeea-a7ea-4d01-a68a-b08138e1057c,ac121499-0280-4b23-88b0-0f925f3a301e,604517f6-afd6-4974-9e8f-1bb464ed9b79,2026-09-22T04:47:09+00,2026-09-22T04:47:09+00
08dc372a-8678-4b88-8dc5-a99da0b1e7da,ef9245ec-a5b3-4e80-89e5-bcef7b11578c,c41e6383-8a80-4c12-ab05-a9378261fe60,2026-09-11T10:19:03+00,2026-09-11T10:19:03+00
98476d72-d778-4f72-92d2-428eb3db6330,ac6675e6-0b38-42d4-bf38-8959faea8863,de20ec2b-54f5-4ce3-a949-e09863a2cbe5,2026-09-11T18:52:51+00,2026-09-11T18:52:51+00
78a27e0c-acc0-411b-9a0c-476e0c2b01e9,ef9245ec-a5b3-4e80-89e5-bcef7b11578c,2be3c3fc-ac0c-4463-86c4-bf9fadce2a23,2026-09-14T05:34:50+00,2026-09-14T05:34:50+00
22a2a202-cb14-4394-97b2-611cd6caab82,c865fd65-6910-45a5-9252-69f8fd02201b,ddbd3840-101f-48b4-af11-b6f77188b2b1,2026-09-22T06:45:53+00,2026-09-22T06:45:53+00
a7ca44f6-e32c-42cd-aa92-73ac86f60fbe,144d9db2-8702-4b92-9711-0a57a3faa7c8,d7741da8-8db4-4a40-8c15-497191baf76e,2026-09-20T15:19:20+00,2026-09-20T15:19:20+00
e84429ac-c7f8-4cfe-93e5-328bcd058d3d,9937bb3c-c14e-4c6e-a02f-cc0ba7e326b6,cd292742-c294-4c6f-a2d3-6ceeff622fa3,2026-09-18T02:05:45+00,2026-09-18T02:05:45+00
e41141e1-d957-46db-a892-8f3ebc9b97e8,27aa2626-9c22-4ce9-b460-802788397fab,e032195c-58f8-4133-9606-ed3fc5bcac41,2026-09-21T21:59:16+00,2026-09-21T21:59:16+00
fca3177a-21fa-429c-864e-8da9e9f39e73,4dfbca3c-b477-47d5-81da-3552059e9654,0a33ce40-c0b9-4ddc-ba89-f34d2c5e19c6,2026-08-31T13:36:34+00,2026-08-31T13:36:34+00
91a6087e-dee3-49ec-a30d-525c35b0515a,cccb5524-84e6-4404-bf62-c525a9439bd7,2759c2d9-fac2-4f0a-9633-9c054df555e9,2026-09-07T16:24:11+00,2026-09-07T16:24:11+00
c851aba3-2b57-4eac-8862-c94a85f29390,735fc5cb-dd91-46b6-94d6-d68143ec3f0e,17a9f10f-ffa1-48df-b16a-be436983e59d,2026-08-31T19:37:38+00,2026-08-31T19:37:38+00
5b437738-773e-4dd7-8c20-ea7b1b1f40d3,5f4a0667-45b5-469d-b30e-8b5129c82f54,9cb07d8a-ba95-4bde-ad74-dfc40f4d1a35,2026-09-21T22:06:34+00,2026-09-21T22:06:34+00
7fe1aee2-dd46-46d0-9549-ba6f73e7780d,efbc2aeb-f83f-4d5d-9753-1c1696c6a099,01831610-1512-4aba-a0b8-ef22fa10e4f2,2026-09-22T04:19:18+00,2026-09-22T04:19:18+00
714e5661-abbb-488d-b9d4-bfcbafa09c0b,cb73a5d8-749e-41c6-8bbf-3539531312d2,3cd8777a-1334-4164-b473-9809b5910861,2026-09-13T16:08:00+00,2026-09-13T16:08:00+00
0afab05d-983c-4dae-bd9e-5931945a2ea3,c68d9407-3284-43e1-b16e-85a8ae34979b,e0197eb8-420e-46c2-ab4c-7353ce93fe44,2026-09-20T20:13:18+00,2026-09-20T20:13:18+00
5d1697e1-ff11-4796-a32a-ac53a935852d,af1f384e-71f2-4620-a619-b67a7f0f1a84,aa7170e7-db18-4a57-8809-3ce5b9252e02,2026-09-21T22:39:25+00,2026-09-21T22:39:25+00
e84a3e83-b17d-4df9-b22a-b7bb36ca94d9,f37f9e27-268c-49a1-be3a-cf722ed3d48b,40e48a68-9466-42e6-8e9b-9443af4d1576,2026-09-11T12:42:46+00,2026-09-11T12:42:46+00
5fbfdc27-7b89-43df-9c31-126825fac6ab,581ab6c1-719f-4c66-be38-a82e60863626,0c7f2429-2f01-4720-9db3-c0b53fc49ea0,2026-09-15T00:44:48+00,2026-09-15T00:44:48+00
97b01871-9af1-4365-bc35-10381fc2f22d,ac6675e6-0b38-42d4-bf38-8959faea8863,17a9f10f-ffa1-48df-b16a-be436983e59d,2026-09-14T11:45:28+00,2026-09-14T11:45:28+00
d9929d5c-9976-45d0-9c3a-51402b539686,cccb5524-84e6-4404-bf62-c525a9439bd7,e95a5f51-bebf-4ec6-ba63-e50a45a5bcb1,2026-09-14T18:47:48+00,2026-09-14T18:47:48+00
bfa87f05-8c8b-4efb-a720-85d4b9bbf88e,05f06301-174c-4ce0-88f7-31f622e82235,fc91640c-4b31-406c-9f6f-71c5be47c422,2026-09-08T21:42:59+00,2026-09-08T21:42:59+00
bc9b94a2-b77d-4051-aeb4-8db71db52346,ac121499-0280-4b23-88b0-0f925f3a301e,468f69cd-8fbe-44d0-ae8d-5f3c98e4ae1f,2026-09-18T22:02:45+00,2026-09-18T22:02:45+00
661d7abb-77c9-4f74-b2ab-24144fc43f6e,144d9db2-8702-4b92-9711-0a57a3faa7c8,e7a41a17-6668-487e-8b9a-7177e86df14a,2026-09-21T21:57:44+00,2026-09-21T21:57:44+00
b15a901d-82c0-434c-80d2-c9fcd4a3ceed,735fc5cb-dd91-46b6-94d6-d68143ec3f0e,d43d8fb2-0841-4a99-ae02-6d88b5c5a5b7,2026-09-07T07:17:32+00,2026-09-07T07:17:32+00
36403ad1-16d4-48e2-b4fb-2553e7d71c57,efbc2aeb-f83f-4d5d-9753-1c1696c6a099,1d6e52b9-e368-46f4-b232-9a504be2e387,2026-08-27T23:07:50+00,2026-08-27T23:07:50+00
8e8462fc-343b-4d4e-9b45-31c3d0ab25ae,20a3c832-08ce-446f-b7f8-e12e142db636,7d34d202-32a8-4c33-9ff3-b10d0c9860f8,2026-09-13T09:53:33+00,2026-09-13T09:53:33+00
ba0710e1-292d-4b85-a12c-a61d9e170426,c739f2fc-dd85-46be-b5e8-6d764a514508,4176f906-990e-451b-a1af-493bedb70181,2026-09-03T20:34:40+00,2026-09-03T20:34:40+00
48b34739-58e4-4385-9f2b-d1413a739bf0,581ab6c1-719f-4c66-be38-a82e60863626,9937e485-c5f3-4332-b0ec-8e22dcc5f9a4,2026-09-19T21:32:04+00,2026-09-19T21:32:04+00
30927214-66ca-47f0-9fcd-b1560f6664eb,efbc2aeb-f83f-4d5d-9753-1c1696c6a099,cd292742-c294-4c6f-a2d3-6ceeff622fa3,2026-09-05T16:13:49+00,2026-09-05T16:13:49+00
1aa8d24d-c9db-40a2-844d-a678adc5343d,735fc5cb-dd91-46b6-94d6-d68143ec3f0e,de20ec2b-54f5-4ce3-a949-e09863a2cbe5,2026-09-19T07:56:00+00,2026-09-19T07:56:00+00
df53264e-9e10-4f26-93b3-d2a9595c2099,cb73a5d8-749e-41c6-8bbf-3539531312d2,2759c2d9-fac2-4f0a-9633-9c054df555e9,2026-09-18T01:46:59+00,2026-09-18T01:46:59+00
5e29d4db-38b8-48cb-8429-1421e7a0691f,cccb5524-84e6-4404-bf62-c525a9439bd7,142ae8fb-37f7-455e-9c4c-6bff24e13411,2026-09-22T11:28:57+00,2026-09-22T11:28:57+00
0bdc8061-6ced-44c8-b192-dfc6072b597c,f37f9e27-268c-49a1-be3a-cf722ed3d48b,31057864-f831-4527-a600-41e31a067091,2026-09-11T18:16:57+00,2026-09-11T18:16:57+00
c017ac63-dc81-46b2-8ca2-2a07e508955b,144d9db2-8702-4b92-9711-0a57a3faa7c8,17a9f10f-ffa1-48df-b16a-be436983e59d,2026-08-30T00:08:45+00,2026-08-30T00:08:45+00
25ea2b9c-8d52-483f-b9b8-45e111b4bf02,735fc5cb-dd91-46b6-94d6-d68143ec3f0e,1d683812-291b-4c0e-b846-c2f9912a79c7,2026-09-05T18:49:18+00,2026-09-05T18:49:18+00
0d2d1ab3-b67e-42c4-a051-f9aafe13d105,4c7d3b7c-ba64-4329-a995-be4990a7b264,2978ed6e-62ef-478a-b39f-46bd09591aec,2026-09-22T08:10:34+00,2026-09-22T08:10:34+00
07ea3306-e014-432f-934c-f30b77d6162e,ef9245ec-a5b3-4e80-89e5-bcef7b11578c,8ed72482-bbb2-47ba-8a41-a0216c931c97,2026-09-11T17:29:39+00,2026-09-11T17:29:39+00
005a9c4d-5bb5-4073-bab3-e55e700e266e,27aa2626-9c22-4ce9-b460-802788397fab,0a33ce40-c0b9-4ddc-ba89-f34d2c5e19c6,2026-09-15T02:25:59+00,2026-09-15T02:25:59+00
8e465902-39fb-4000-8557-f1a43bbf85a1,3d51eefd-8b09-49a2-8ad2-305676775b05,8ed72482-bbb2-47ba-8a41-a0216c931c97,2026-09-20T07:58:09+00,2026-09-20T07:58:09+00
ac71f3cf-2fab-4f12-93a7-49fb4deb8d81,cb73a5d8-749e-41c6-8bbf-3539531312d2,bb835672-3fcb-4bc3-88b4-dd26bd7f121a,2026-09-18T10:10:53+00,2026-09-18T10:10:53+00
f9bea6a6-df60-4f8e-b658-3e9d6bd587ab,9937bb3c-c14e-4c6e-a02f-cc0ba7e326b6,4176f906-990e-451b-a1af-493bedb70181,2026-09-18T21:32:46+00,2026-09-18T21:32:46+00
549ee65c-d9ff-455c-b652-4260ccc0a762,19367001-6484-4ad9-9f0d-fa10ce6462b6,cd6e2a5f-4785-4502-80b0-f411c7e85451,2026-09-02T06:03:28+00,2026-09-02T06:03:28+00
4bfdc99f-39a4-4c95-8ccb-6d4449181b35,3d51eefd-8b09-49a2-8ad2-305676775b05,2978ed6e-62ef-478a-b39f-46bd09591aec,2026-09-21T19:56:56+00,2026-09-21T19:56:56+00
71081106-3c38-49f7-9ded-ce74988d75b3,721b08ab-8cae-4b82-a275-50139ff79484,72e7ee8b-cd7b-464b-a0d9-5dfa6071f45b,2026-09-20T01:42:26+00,2026-09-20T01:42:26+00
3eab066b-fd83-4df4-9c23-18205024ef21,e9878408-1451-428d-bdcf-52911cf0b046,9dabba0a-03cb-4316-9ead-56cfd053fcd1,2026-09-11T03:56:56+00,2026-09-11T03:56:56+00
5167e15c-2dc9-4939-b08a-72135ce5bced,144d9db2-8702-4b92-9711-0a57a3faa7c8,ca2a5e34-dd21-4cac-9354-633c4857c0c7,2026-09-22T07:43:05+00,2026-09-22T07:43:05+00
9e0c591e-2976-4ffb-bc93-334311d4c0cd,ac6675e6-0b38-42d4-bf38-8959faea8863,440dc5fc-7d69-4f9b-a98a-c9626a1e058c,2026-09-20T04:58:02+00,2026-09-20T04:58:02+00
5d687690-7433-43df-9ca1-49d45ebdc0be,ef9245ec-a5b3-4e80-89e5-bcef7b11578c,e9a6a245-d0e2-4e67-bf1d-1313956679ab,2026-09-20T10:02:38+00,2026-09-20T10:02:38+00
93503d84-127a-4ac6-b9da-44488d003829,e9878408-1451-428d-bdcf-52911cf0b046,31057864-f831-4527-a600-41e31a067091,2026-09-10T01:31:34+00,2026-09-10T01:31:34+00
236c9fdf-6c8f-4a8f-bfad-021ffec0ee36,5761bde8-ab17-4155-9890-228859ae9d8c,1d683812-291b-4c0e-b846-c2f9912a79c7,2026-09-21T05:34:45+00,2026-09-21T05:34:45+00
4e9c9268-7caf-43c9-a100-d0d1ef1efe15,20a3c832-08ce-446f-b7f8-e12e142db636,080b61d6-0886-4803-b0c9-4ed29179dceb,2026-09-22T10:42:32+00,2026-09-22T10:42:32+00
de05b5a0-8db5-4ced-983f-3a9f206ebe38,19367001-6484-4ad9-9f0d-fa10ce6462b6,9cb07d8a-ba95-4bde-ad74-dfc40f4d1a35,2026-09-21T19:40:45+00,2026-09-21T19:40:45+00
0d6ee8d2-6f79-414a-a1fd-546d6bc917b9,9937bb3c-c14e-4c6e-a02f-cc0ba7e326b6,71b2eb75-408e-484e-bdba-e872ca870fdd,2026-09-07T18:38:30+00,2026-09-07T18:38:30+00
4dee4604-f18f-4ab7-b2ef-43c14598532d,721b08ab-8cae-4b82-a275-50139ff79484,84a5be0f-fe8b-4d0e-a578-f348351ee343,2026-09-21T12:27:12+00,2026-09-21T12:27:12+00
b2522937-93c2-477d-bb58-2e48d6158179,c739f2fc-dd85-46be-b5e8-6d764a514508,d43d8fb2-0841-4a99-ae02-6d88b5c5a5b7,2026-09-18T06:50:48+00,2026-09-18T06:50:48+00
9cb3723c-c26b-4d32-9883-ae5acdcf377e,581ab6c1-719f-4c66-be38-a82e60863626,7d34d202-32a8-4c33-9ff3-b10d0c9860f8,2026-09-07T07:06:50+00,2026-09-07T07:06:50+00
6f5c3e89-1e54-49ca-891e-444aa0643fd7,735fc5cb-dd91-46b6-94d6-d68143ec3f0e,1c5bc96a-5239-4631-b45a-b14aca7bc5a8,2026-09-09T11:31:53+00,2026-09-09T11:31:53+00
99c2b217-8998-4ca3-927d-c7af9179d258,efbc2aeb-f83f-4d5d-9753-1c1696c6a099,3cd8777a-1334-4164-b473-9809b5910861,2026-09-19T02:39:16+00,2026-09-19T02:39:16+00
cce3e26b-ed5b-4f49-80f1-9b6b8f7b6686,c865fd65-6910-45a5-9252-69f8fd02201b,cdbf5df9-22f7-4f20-ae16-4c4565d5849e,2026-09-21T18:10:32+00,2026-09-21T18:10:32+00
d49be0b8-6dea-4c2a-8d92-131d3378b25d,4628006c-2634-45e2-91a2-41a475e39115,de20ec2b-54f5-4ce3-a949-e09863a2cbe5,2026-09-12T18:56:40+00,2026-09-12T18:56:40+00
be35763a-fcd8-40f3-946a-57507a077b38,cccb5524-84e6-4404-bf62-c525a9439bd7,05bf2c6f-6a9c-4b6d-855a-9aa5cf87c0c9,2026-08-28T03:05:47+00,2026-08-28T03:05:47+00
11947ecb-d8e0-4e71-814d-56d993282483,20a3c832-08ce-446f-b7f8-e12e142db636,c23358d7-631c-4cc2-a49f-718ce03f4d85,2026-09-22T08:07:47+00,2026-09-22T08:07:47+00
3d8c4a86-4971-4b7d-a7e6-866f756f4479,9937bb3c-c14e-4c6e-a02f-cc0ba7e326b6,440dc5fc-7d69-4f9b-a98a-c9626a1e058c,2026-09-14T05:16:50+00,2026-09-14T05:16:50+00
b8c07c5b-726d-4bb5-8135-26eb0fdd17cf,b40e34f2-cd9d-4c15-b942-eeb1cdac5e68,71053ed1-366a-4240-9c59-5f2484cff2d1,2026-09-22T09:19:21+00,2026-09-22T09:19:21+00
5cea7cf4-8801-401d-98d4-958f329313fd,ac6675e6-0b38-42d4-bf38-8959faea8863,71053ed1-366a-4240-9c59-5f2484cff2d1,2026-09-14T00:12:16+00,2026-09-14T00:12:16+00
5641ecac-e65c-4305-9598-0ee303814f27,72e65af5-9e91-4099-88c2-8972779d4108,fc91640c-4b31-406c-9f6f-71c5be47c422,2026-09-03T06:31:15+00,2026-09-03T06:31:15+00
431461d3-bc54-464b-b9e5-15f5a1616f82,e9878408-1451-428d-bdcf-52911cf0b046,0a33ce40-c0b9-4ddc-ba89-f34d2c5e19c6,2026-09-02T12:06:29+00,2026-09-02T12:06:29+00
08a7cbf3-adb6-4478-9a0a-c64fe3815cbd,5f4a0667-45b5-469d-b30e-8b5129c82f54,e76d5df1-cc89-4822-b51d-c4d5c9956793,2026-09-12T13:26:07+00,2026-09-12T13:26:07+00
5f5c7684-ac1a-41ce-90cc-9a40808c7114,9937bb3c-c14e-4c6e-a02f-cc0ba7e326b6,5fb6d349-a8fc-4b18-b122-be1159db8c77,2026-09-09T18:09:23+00,2026-09-09T18:09:23+00
1912ff91-3cd5-474f-b095-ea732e2bc2d8,4dfbca3c-b477-47d5-81da-3552059e9654,31057864-f831-4527-a600-41e31a067091,2026-08-31T02:07:50+00,2026-08-31T02:07:50+00
5918d970-8f4a-47c3-b5da-cdbf7e882e6d,efbc2aeb-f83f-4d5d-9753-1c1696c6a099,b2140be7-fa6f-4dbf-aefb-46c9c2b433aa,2026-09-11T22:33:11+00,2026-09-11T22:33:11+00
1fcf0f0e-3328-4615-ba35-6b0a96e24168,cccb5524-84e6-4404-bf62-c525a9439bd7,7d34d202-32a8-4c33-9ff3-b10d0c9860f8,2026-09-05T15:10:41+00,2026-09-05T15:10:41+00
02f8d6fd-564d-4a8e-9c68-686aa988f31c,144d9db2-8702-4b92-9711-0a57a3faa7c8,1d6e52b9-e368-46f4-b232-9a504be2e387,2026-09-04T08:21:06+00,2026-09-04T08:21:06+00
306fea89-b347-4aff-a6e4-64d8262e5329,606a0a59-c082-4179-8dea-ce74f437ed4e,c92e8cfd-4e24-4c44-b362-9f2cc7c8dc75,2026-09-16T23:20:32+00,2026-09-16T23:20:32+00
7a35d9dd-ab76-4041-8fa7-1dced9f825be,4628006c-2634-45e2-91a2-41a475e39115,aa7170e7-db18-4a57-8809-3ce5b9252e02,2026-09-08T14:44:24+00,2026-09-08T14:44:24+00
4889b302-a8d4-4705-9f61-9fa24c028a8a,19367001-6484-4ad9-9f0d-fa10ce6462b6,0c7f2429-2f01-4720-9db3-c0b53fc49ea0,2026-09-11T16:53:29+00,2026-09-11T16:53:29+00
ed776c68-3fca-477a-bd42-bbb6fc1fbf1e,72e65af5-9e91-4099-88c2-8972779d4108,28971ae8-8a93-4306-b905-42c0db937799,2026-09-19T08:22:08+00,2026-09-19T08:22:08+00
e93080bf-7daf-4b6b-9296-e1a8c91f9f5c,ac121499-0280-4b23-88b0-0f925f3a301e,0a33ce40-c0b9-4ddc-ba89-f34d2c5e19c6,2026-08-23T19:28:49+00,2026-08-23T19:28:49+00
777c37ac-b341-44ec-af5f-2fa4fe9f45f6,f37f9e27-268c-49a1-be3a-cf722ed3d48b,aa7170e7-db18-4a57-8809-3ce5b9252e02,2026-09-09T14:53:32+00,2026-09-09T14:53:32+00
6e5f3ed7-503f-4f71-89f9-9d8fb5474854,20a3c832-08ce-446f-b7f8-e12e142db636,230fa550-1848-4a6b-a552-51c1ce047b4f,2026-09-20T17:28:56+00,2026-09-20T17:28:56+00
87328849-b3df-4376-866f-54668c9717f4,144d9db2-8702-4b92-9711-0a57a3faa7c8,44b82e25-5485-4a59-847a-1e488cdf7fae,2026-09-14T11:54:13+00,2026-09-14T11:54:13+00
f1309dc5-5134-487f-98be-a271b2fa94a7,5761bde8-ab17-4155-9890-228859ae9d8c,e76d5df1-cc89-4822-b51d-c4d5c9956793,2026-09-22T09:47:02+00,2026-09-22T09:47:02+00
82ba689a-7a46-4284-8fd0-bf566ab470cc,f37f9e27-268c-49a1-be3a-cf722ed3d48b,4176f906-990e-451b-a1af-493bedb70181,2026-09-03T05:27:03+00,2026-09-03T05:27:03+00
2ff95145-dd9f-4bd7-be0f-a1a133024dc1,7436818b-8528-444b-ab38-4a58222f7851,e0197eb8-420e-46c2-ab4c-7353ce93fe44,2026-09-22T09:01:36+00,2026-09-22T09:01:36+00
46254386-8b34-4adb-aa4c-ccc17af22ef1,af1f384e-71f2-4620-a619-b67a7f0f1a84,1d683812-291b-4c0e-b846-c2f9912a79c7,2026-09-15T15:42:48+00,2026-09-15T15:42:48+00
486ee034-fd40-4453-a3f1-4daf1213b173,7c912978-b1d3-4b80-862a-cf640b4d54dd,35396ef5-bc74-43ed-a941-b538fad051f3,2026-09-14T11:39:23+00,2026-09-14T11:39:23+00
0a7bc507-b1d8-411b-a4a8-b79f06f6187f,ac121499-0280-4b23-88b0-0f925f3a301e,172a42a6-2556-401d-8d59-a95829c0b049,2026-09-13T05:58:31+00,2026-09-13T05:58:31+00
29844159-15fb-4dfb-89b8-73fbf79c5025,c739f2fc-dd85-46be-b5e8-6d764a514508,7d34d202-32a8-4c33-9ff3-b10d0c9860f8,2026-09-22T11:48:23+00,2026-09-22T11:48:23+00
12d20a22-c669-41fc-8a67-7487ee7963b6,9937bb3c-c14e-4c6e-a02f-cc0ba7e326b6,d95e9185-0290-480e-8b9f-4ee42423352e,2026-09-19T17:45:34+00,2026-09-19T17:45:34+00
34a91b2c-814a-44e9-9b06-4bbd7010def9,f37f9e27-268c-49a1-be3a-cf722ed3d48b,86311483-338e-47b5-86da-72718a4177c8,2026-09-22T01:00:44+00,2026-09-22T01:00:44+00
6b56a753-f42e-42c0-be2e-9c7c8a7dfc84,27aa2626-9c22-4ce9-b460-802788397fab,1d6e52b9-e368-46f4-b232-9a504be2e387,2026-09-16T11:00:37+00,2026-09-16T11:00:37+00
5cdc8303-d8d3-449a-b6d7-189e11b1372f,f37f9e27-268c-49a1-be3a-cf722ed3d48b,cd6e2a5f-4785-4502-80b0-f411c7e85451,2026-09-21T02:55:33+00,2026-09-21T02:55:33+00
337b5650-fdfe-4b9e-aae4-dc2935a015a2,ac6675e6-0b38-42d4-bf38-8959faea8863,86311483-338e-47b5-86da-72718a4177c8,2026-09-21T16:10:35+00,2026-09-21T16:10:35+00
4305f6df-f392-488d-a10c-6f6eb8ea1ecd,3d51eefd-8b09-49a2-8ad2-305676775b05,ca2a5e34-dd21-4cac-9354-633c4857c0c7,2026-09-03T13:54:38+00,2026-09-03T13:54:38+00
a59f0312-c395-4f97-b592-ec6774822169,72e65af5-9e91-4099-88c2-8972779d4108,59f45848-7440-4fc1-b3b3-7d746982d57b,2026-09-20T22:56:07+00,2026-09-20T22:56:07+00
d05ff7a2-52be-4fb6-968e-dfb349c35743,f37f9e27-268c-49a1-be3a-cf722ed3d48b,cdbf5df9-22f7-4f20-ae16-4c4565d5849e,2026-09-22T09:10:49+00,2026-09-22T09:10:49+00
3faef591-5cc8-43d9-80f6-a0c5052d9256,f37f9e27-268c-49a1-be3a-cf722ed3d48b,cd6e2a5f-4785-4502-80b0-f411c7e85451,2026-09-06T22:59:55+00,2026-09-06T22:59:55+00
bf3cf885-9339-4033-9aa1-427e73544b5d,c739f2fc-dd85-46be-b5e8-6d764a514508,bb835672-3fcb-4bc3-88b4-dd26bd7f121a,2026-09-22T07:28:45+00,2026-09-22T07:28:45+00
07b9021f-9c9b-4841-af21-a25d86d47a2d,ac6675e6-0b38-42d4-bf38-8959faea8863,b6f7df8e-425b-4b69-9f7b-9707ee7cf94d,2026-09-21T12:48:28+00,2026-09-21T12:48:28+00
f193e7a5-7728-43fa-99ad-a1bb41dcbda1,eaba9a70-e32b-43b0-a1ca-9d8c50e909d3,c41e6383-8a80-4c12-ab05-a9378261fe60,2026-09-05T16:27:22+00,2026-09-05T16:27:22+00
72c1de33-a7b8-4d9b-b4e1-58007193c1aa,ac121499-0280-4b23-88b0-0f925f3a301e,bb02f397-b7b6-43e3-90bd-50474f717c00,2026-09-17T01:49:40+00,2026-09-17T01:49:40+00
26c1df41-0053-4cab-8474-98f040ea2052,735fc5cb-dd91-46b6-94d6-d68143ec3f0e,1d6e52b9-e368-46f4-b232-9a504be2e387,2026-08-26T23:50:52+00,2026-08-26T23:50:52+00
93209ca8-75f3-4fda-8c71-d78bd0e9ebc0,af1f384e-71f2-4620-a619-b67a7f0f1a84,7a6fafdf-a775-4c14-98bd-ac51221e0cbb,2026-09-21T19:53:07+00,2026-09-21T19:53:07+00
277fd4f4-e0e1-4880-9855-481a86265091,27aa2626-9c22-4ce9-b460-802788397fab,35396ef5-bc74-43ed-a941-b538fad051f3,2026-09-21T17:40:02+00,2026-09-21T17:40:02+00
f5c0a38e-9403-4987-9084-c504e5c6dfc6,35732930-67f3-4140-8997-66b3e77e7014,3cd8777a-1334-4164-b473-9809b5910861,2026-09-13T10:07:23+00,2026-09-13T10:07:23+00
ae7660bf-4342-4c6d-a85a-fe6e7f2dfc15,7436818b-8528-444b-ab38-4a58222f7851,4176f906-990e-451b-a1af-493bedb70181,2026-09-16T02:52:11+00,2026-09-16T02:52:11+00
a8205a8c-c751-4071-a32a-0c211b93a31f,19367001-6484-4ad9-9f0d-fa10ce6462b6,59f45848-7440-4fc1-b3b3-7d746982d57b,2026-09-22T08:48:52+00,2026-09-22T08:48:52+00
3aea0cb8-35d5-4df6-9166-13d9db879597,ac121499-0280-4b23-88b0-0f925f3a301e,89e315ef-bcfc-4239-a666-5fb1b85059b0,2026-09-22T09:07:17+00,2026-09-22T09:07:17+00
3a1bf358-f59d-4449-891e-43311c4437e2,7c912978-b1d3-4b80-862a-cf640b4d54dd,40e48a68-9466-42e6-8e9b-9443af4d1576,2026-09-22T02:51:00+00,2026-09-22T02:51:00+00
528d260f-a5ed-4079-b550-afc1d896c2da,05f06301-174c-4ce0-88f7-31f622e82235,9faa224c-92ff-4e93-a501-dcb594dc7e0a,2026-09-19T00:40:05+00,2026-09-19T00:40:05+00
1711a8db-082c-437c-88ec-b3cb84ee9bcd,e9878408-1451-428d-bdcf-52911cf0b046,7ee0434e-d019-42a0-a953-0f966f36bea5,2026-09-21T10:43:39+00,2026-09-21T10:43:39+00
c4aed3da-f8ca-4810-9ce0-cc0a459e20b8,c68d9407-3284-43e1-b16e-85a8ae34979b,16d52b0d-4337-4352-9d01-aab6ceea8b7b,2026-09-17T00:06:44+00,2026-09-17T00:06:44+00
42a9286b-235d-461a-8766-a631c83eae17,7c912978-b1d3-4b80-862a-cf640b4d54dd,0ba4cd4d-0beb-4ca7-81f1-44d2088dd0c7,2026-09-11T11:27:42+00,2026-09-11T11:27:42+00
bab69244-74ca-4c57-bf8b-02c5663a2cb1,144d9db2-8702-4b92-9711-0a57a3faa7c8,d43d8fb2-0841-4a99-ae02-6d88b5c5a5b7,2026-09-20T04:06:51+00,2026-09-20T04:06:51+00
89a41242-cdfd-4870-b125-d5225b462b1b,4628006c-2634-45e2-91a2-41a475e39115,440dc5fc-7d69-4f9b-a98a-c9626a1e058c,2026-09-11T00:47:56+00,2026-09-11T00:47:56+00
894d2a30-956e-4d1a-8419-a5f40bd050ff,4628006c-2634-45e2-91a2-41a475e39115,023faaaa-5a37-4bf8-8060-85dfa768feb5,2026-08-26T17:53:58+00,2026-08-26T17:53:58+00
f92f02c7-51a9-4746-a54e-8b345e97081d,ac6675e6-0b38-42d4-bf38-8959faea8863,d7741da8-8db4-4a40-8c15-497191baf76e,2026-09-21T07:45:13+00,2026-09-21T07:45:13+00
2ea2d821-19c3-47ba-80b9-7a6b92972d34,4628006c-2634-45e2-91a2-41a475e39115,100d47d8-b9d2-4bbb-8f6f-1d9f55f47bb2,2026-09-12T01:57:28+00,2026-09-12T01:57:28+00
b20bb7b1-3697-4c03-bcd3-48cb6baa8e70,c739f2fc-dd85-46be-b5e8-6d764a514508,0a33ce40-c0b9-4ddc-ba89-f34d2c5e19c6,2026-09-21T03:36:50+00,2026-09-21T03:36:50+00
8a385b79-6991-4e16-a1fe-e8d44332f5b6,c865fd65-6910-45a5-9252-69f8fd02201b,4e6fbb44-c848-4fc0-bad5-7f2265e25009,2026-09-22T01:29:11+00,2026-09-22T01:29:11+00
54f7247c-97fa-475a-a6fc-45d499e55a73,eaba9a70-e32b-43b0-a1ca-9d8c50e909d3,cdbf5df9-22f7-4f20-ae16-4c4565d5849e,2026-09-20T19:02:55+00,2026-09-20T19:02:55+00
356988f1-f29c-487e-88b2-1953edb0d585,20a3c832-08ce-446f-b7f8-e12e142db636,e7a41a17-6668-487e-8b9a-7177e86df14a,2026-09-22T06:28:58+00,2026-09-22T06:28:58+00
cf6c9889-9283-497f-b9fc-8fda481c0546,7c912978-b1d3-4b80-862a-cf640b4d54dd,89e315ef-bcfc-4239-a666-5fb1b85059b0,2026-09-17T22:42:03+00,2026-09-17T22:42:03+00
f9bfe905-5b17-4479-8f77-67e4646b3064,144d9db2-8702-4b92-9711-0a57a3faa7c8,fc91640c-4b31-406c-9f6f-71c5be47c422,2026-09-17T22:11:32+00,2026-09-17T22:11:32+00
c10ad986-c1c8-498d-b2bc-d160a155420b,efbc2aeb-f83f-4d5d-9753-1c1696c6a099,08f4ec3b-9b4d-4624-bb3a-657139232f36,2026-09-18T10:25:09+00,2026-09-18T10:25:09+00
db5f1599-95aa-441b-a063-cf0b77d8090e,35732930-67f3-4140-8997-66b3e77e7014,c8bf264e-4fb5-4ad8-a2f6-16f208771dfc,2026-09-12T20:59:13+00,2026-09-12T20:59:13+00
a27a9f35-5d02-4c31-bf8f-0f0a1ac7ae8e,19367001-6484-4ad9-9f0d-fa10ce6462b6,d95e9185-0290-480e-8b9f-4ee42423352e,2026-09-20T22:03:43+00,2026-09-20T22:03:43+00
a36f98b4-aecd-4291-882c-2cf740a712db,eaba9a70-e32b-43b0-a1ca-9d8c50e909d3,468f69cd-8fbe-44d0-ae8d-5f3c98e4ae1f,2026-09-15T09:22:10+00,2026-09-15T09:22:10+00
bcd54e69-11e9-4c2c-b70b-40ce46bc15fd,f37f9e27-268c-49a1-be3a-cf722ed3d48b,59f45848-7440-4fc1-b3b3-7d746982d57b,2026-09-21T17:36:57+00,2026-09-21T17:36:57+00
5b0a57d4-b82e-4673-a12d-ca232532f333,721b08ab-8cae-4b82-a275-50139ff79484,e5a93436-38e6-45e0-bb9d-4cff54dfbdf2,2026-09-20T19:39:35+00,2026-09-20T19:39:35+00
a312a65e-aa59-4edd-b062-d92fd4a21b0d,b40e34f2-cd9d-4c15-b942-eeb1cdac5e68,e76d5df1-cc89-4822-b51d-c4d5c9956793,2026-08-24T15:36:44+00,2026-08-24T15:36:44+00
689a0577-8e99-4a6c-ae68-f9599538992e,606a0a59-c082-4179-8dea-ce74f437ed4e,fab85b51-d22f-44ec-b151-d9ccff8c1ace,2026-09-02T13:35:22+00,2026-09-02T13:35:22+00
cb64cddb-7e3f-40f5-89d4-bc461d57290d,3d51eefd-8b09-49a2-8ad2-305676775b05,172a42a6-2556-401d-8d59-a95829c0b049,2026-09-11T08:47:41+00,2026-09-11T08:47:41+00
d877538b-b955-42d0-a825-58d4cf9dd779,af1f384e-71f2-4620-a619-b67a7f0f1a84,86311483-338e-47b5-86da-72718a4177c8,2026-09-20T15:30:48+00,2026-09-20T15:30:48+00
70b84738-e5d5-4fb7-906b-5a0d417dbcf7,7436818b-8528-444b-ab38-4a58222f7851,0cfbc2fc-805b-4dcf-a363-2b03f80ab2b4,2026-09-16T13:25:20+00,2026-09-16T13:25:20+00
9d6f710e-21e6-4642-90a1-629d19345479,7c912978-b1d3-4b80-862a-cf640b4d54dd,cd292742-c294-4c6f-a2d3-6ceeff622fa3,2026-09-13T07:59:53+00,2026-09-13T07:59:53+00
c13cd2eb-11ba-47a1-82fa-9e73751b750c,cb73a5d8-749e-41c6-8bbf-3539531312d2,a493474e-db90-45ba-8b0e-5b12946ea9fe,2026-09-17T21:47:09+00,2026-09-17T21:47:09+00
f1d52e8e-72d2-4d9d-96f2-ceeaefce0c21,5761bde8-ab17-4155-9890-228859ae9d8c,9faa224c-92ff-4e93-a501-dcb594dc7e0a,2026-09-13T09:15:47+00,2026-09-13T09:15:47+00
11e27501-b03f-4f42-b523-0f2bf9316e1e,af1f384e-71f2-4620-a619-b67a7f0f1a84,5dd01e58-3885-48cd-b9ae-835c34be6be3,2026-09-20T14:09:28+00,2026-09-20T14:09:28+00
2e463347-9441-4376-a717-f882ae82ed0b,c68d9407-3284-43e1-b16e-85a8ae34979b,5d563e21-9d3b-40c2-a5e5-31c0ca59c1d0,2026-09-20T16:04:16+00,2026-09-20T16:04:16+00
c0b4d362-38d3-4f32-84ca-785cfb56e979,af1f384e-71f2-4620-a619-b67a7f0f1a84,ca2a5e34-dd21-4cac-9354-633c4857c0c7,2026-08-31T10:46:06+00,2026-08-31T10:46:06+00
726a8ba6-8551-4297-a1a1-6b94fd53d7be,20a3c832-08ce-446f-b7f8-e12e142db636,142ae8fb-37f7-455e-9c4c-6bff24e13411,2026-09-22T02:18:31+00,2026-09-22T02:18:31+00
fd898a75-1eb8-4fc9-b417-b008ecb9e69c,606a0a59-c082-4179-8dea-ce74f437ed4e,d8d690e7-8aa4-4544-8d95-a8c06ad5f40b,2026-08-29T14:12:02+00,2026-08-29T14:12:02+00
b295033a-cb5e-4326-8da4-3559da1079ff,7c912978-b1d3-4b80-862a-cf640b4d54dd,17a9f10f-ffa1-48df-b16a-be436983e59d,2026-09-21T14:28:59+00,2026-09-21T14:28:59+00
ef6d88b8-908c-4415-b813-8615626f63fc,27aa2626-9c22-4ce9-b460-802788397fab,142ae8fb-37f7-455e-9c4c-6bff24e13411,2026-09-14T18:14:13+00,2026-09-14T18:14:13+00
b3a18d6c-97dc-4da5-ae02-3d690caea612,af1f384e-71f2-4620-a619-b67a7f0f1a84,a493474e-db90-45ba-8b0e-5b12946ea9fe,2026-09-02T15:45:46+00,2026-09-02T15:45:46+00
f7b99a5b-792a-4efd-8019-27e4b17117a8,35732930-67f3-4140-8997-66b3e77e7014,e0197eb8-420e-46c2-ab4c-7353ce93fe44,2026-09-15T10:13:16+00,2026-09-15T10:13:16+00
a704ec50-2dc9-402a-971e-eda9fd2c8dc0,35732930-67f3-4140-8997-66b3e77e7014,d7741da8-8db4-4a40-8c15-497191baf76e,2026-09-22T10:10:26+00,2026-09-22T10:10:26+00
e6c0dbdb-2e31-4379-88aa-e382250184ab,4628006c-2634-45e2-91a2-41a475e39115,89e315ef-bcfc-4239-a666-5fb1b85059b0,2026-09-14T09:39:13+00,2026-09-14T09:39:13+00
f9a56d6d-cf8c-4315-9d8e-411484e395ba,05f06301-174c-4ce0-88f7-31f622e82235,40e48a68-9466-42e6-8e9b-9443af4d1576,2026-09-21T14:48:04+00,2026-09-21T14:48:04+00
433e916b-9618-440e-9e76-a46e854fa386,5761bde8-ab17-4155-9890-228859ae9d8c,cd6e2a5f-4785-4502-80b0-f411c7e85451,2026-09-22T08:05:30+00,2026-09-22T08:05:30+00
a88715ad-11ca-4707-9a84-e70cf33cf08d,144d9db2-8702-4b92-9711-0a57a3faa7c8,e95a5f51-bebf-4ec6-ba63-e50a45a5bcb1,2026-09-20T13:49:52+00,2026-09-20T13:49:52+00
6421f10e-3670-4a9b-9194-db4614bed140,7c912978-b1d3-4b80-862a-cf640b4d54dd,59f45848-7440-4fc1-b3b3-7d746982d57b,2026-09-21T09:12:09+00,2026-09-21T09:12:09+00
cc4cd214-4bfc-4fc9-a0fd-e60b0dab46ed,5f4a0667-45b5-469d-b30e-8b5129c82f54,023faaaa-5a37-4bf8-8060-85dfa768feb5,2026-09-18T20:30:06+00,2026-09-18T20:30:06+00
e2d47cb9-c00f-4aad-a63f-61038fd8ea98,c739f2fc-dd85-46be-b5e8-6d764a514508,7f680da9-6337-41e4-9ce6-230190f5f088,2026-09-11T10:28:26+00,2026-09-11T10:28:26+00
b1bf2cb2-856e-4cbb-aef3-6a0dd75f665e,7c912978-b1d3-4b80-862a-cf640b4d54dd,08f4ec3b-9b4d-4624-bb3a-657139232f36,2026-09-18T23:26:21+00,2026-09-18T23:26:21+00
7f394794-844c-4291-9023-6e53e066061b,e9878408-1451-428d-bdcf-52911cf0b046,e76d5df1-cc89-4822-b51d-c4d5c9956793,2026-09-22T09:06:36+00,2026-09-22T09:06:36+00
91484182-b9fa-4430-ba03-c22d7f13b71b,c739f2fc-dd85-46be-b5e8-6d764a514508,e7a41a17-6668-487e-8b9a-7177e86df14a,2026-09-21T14:56:03+00,2026-09-21T14:56:03+00
b26e83a3-f9e4-4945-ac29-5830451f5d69,ef9245ec-a5b3-4e80-89e5-bcef7b11578c,63605aa6-d4d2-4791-b97f-9b08f5c3f6a2,2026-08-29T02:58:12+00,2026-08-29T02:58:12+00
48eb3409-136e-41e5-987f-cb8605e1d2a7,85830fbe-7792-4344-8e85-6c33e9f1f368,9faa224c-92ff-4e93-a501-dcb594dc7e0a,2026-09-16T20:51:50+00,2026-09-16T20:51:50+00
627ac8d9-c3b2-41c0-913f-d3e187725738,72e65af5-9e91-4099-88c2-8972779d4108,fdc7191b-7a11-4e94-a305-95e8773f4841,2026-09-11T22:29:17+00,2026-09-11T22:29:17+00
d0f1acc3-7dc1-4405-9511-8e155e2ab8c1,27aa2626-9c22-4ce9-b460-802788397fab,e032195c-58f8-4133-9606-ed3fc5bcac41,2026-09-06T08:42:34+00,2026-09-06T08:42:34+00
1491756d-1dfd-432a-a1cb-2de749af041d,05f06301-174c-4ce0-88f7-31f622e82235,e0197eb8-420e-46c2-ab4c-7353ce93fe44,2026-09-15T06:32:38+00,2026-09-15T06:32:38+00
5bac30fb-e12d-4382-b5dc-bd6d0306c144,e9878408-1451-428d-bdcf-52911cf0b046,8ed72482-bbb2-47ba-8a41-a0216c931c97,2026-09-17T04:56:53+00,2026-09-17T04:56:53+00
21c04a9e-21ec-4d2e-89b2-d0b685652041,efbc2aeb-f83f-4d5d-9753-1c1696c6a099,7a6fafdf-a775-4c14-98bd-ac51221e0cbb,2026-09-21T23:34:39+00,2026-09-21T23:34:39+00
d7ab764e-932b-45b0-9ae8-0c4bcced8d83,f37f9e27-268c-49a1-be3a-cf722ed3d48b,28971ae8-8a93-4306-b905-42c0db937799,2026-09-05T20:31:03+00,2026-09-05T20:31:03+00
d9bcbd55-1b53-4c13-9a71-c7acfdad0191,c865fd65-6910-45a5-9252-69f8fd02201b,023faaaa-5a37-4bf8-8060-85dfa768feb5,2026-08-29T03:31:37+00,2026-08-29T03:31:37+00
b892c651-26a9-40bd-9ad8-d6de51c022dd,af1f384e-71f2-4620-a619-b67a7f0f1a84,7d0546c8-0b4c-487e-b81f-60f0ca99626e,2026-09-16T12:46:57+00,2026-09-16T12:46:57+00
fc77437c-e0c3-479c-b3e8-804733274c79,ac121499-0280-4b23-88b0-0f925f3a301e,8d7bcb69-b06a-4c91-8bee-fbaa7dc12271,2026-09-03T14:32:21+00,2026-09-03T14:32:21+00
5add2660-0b7c-47c6-9f2b-df4c006a6b3d,19367001-6484-4ad9-9f0d-fa10ce6462b6,d6afc1db-3fef-4d14-a210-bf8053846bad,2026-09-21T18:21:50+00,2026-09-21T18:21:50+00
3c5c2389-c22f-4a59-8219-871c5a3557d5,72e65af5-9e91-4099-88c2-8972779d4108,89e315ef-bcfc-4239-a666-5fb1b85059b0,2026-09-22T11:46:42+00,2026-09-22T11:46:42+00
5f71308b-2a48-4049-a455-0d2798fb4cbc,9937bb3c-c14e-4c6e-a02f-cc0ba7e326b6,cd292742-c294-4c6f-a2d3-6ceeff622fa3,2026-09-21T20:02:05+00,2026-09-21T20:02:05+00
6756840e-4c4b-43b1-8d2b-3680d3c6abc4,b40e34f2-cd9d-4c15-b942-eeb1cdac5e68,71b2eb75-408e-484e-bdba-e872ca870fdd,2026-09-10T11:14:45+00,2026-09-10T11:14:45+00
db65610b-60c3-4618-afa5-df7a4bf58bc3,5761bde8-ab17-4155-9890-228859ae9d8c,40e48a68-9466-42e6-8e9b-9443af4d1576,2026-09-13T23:54:05+00,2026-09-13T23:54:05+00
e1f11d68-3b7b-4090-bf24-e5497de75844,20a3c832-08ce-446f-b7f8-e12e142db636,c41e6383-8a80-4c12-ab05-a9378261fe60,2026-08-24T18:03:59+00,2026-08-24T18:03:59+00
0ef01145-426e-438f-9932-f37ca8f7d851,05f06301-174c-4ce0-88f7-31f622e82235,2be3c3fc-ac0c-4463-86c4-bf9fadce2a23,2026-09-10T03:25:00+00,2026-09-10T03:25:00+00
41a57bd2-131c-4163-9aad-1c6f72548828,4c7d3b7c-ba64-4329-a995-be4990a7b264,bb835672-3fcb-4bc3-88b4-dd26bd7f121a,2026-09-02T04:56:13+00,2026-09-02T04:56:13+00
45d68ffe-0a53-4c16-8b3a-22c95e5cc588,7436818b-8528-444b-ab38-4a58222f7851,e0197eb8-420e-46c2-ab4c-7353ce93fe44,2026-09-16T04:16:02+00,2026-09-16T04:16:02+00
daccb3db-9ace-432e-be6b-2c65d24b641c,05f06301-174c-4ce0-88f7-31f622e82235,080b61d6-0886-4803-b0c9-4ed29179dceb,2026-09-15T01:39:09+00,2026-09-15T01:39:09+00
ed4d820f-62d0-4eb6-a01f-94225e22d63c,c739f2fc-dd85-46be-b5e8-6d764a514508,080b61d6-0886-4803-b0c9-4ed29179dceb,2026-09-17T18:57:44+00,2026-09-17T18:57:44+00
87ec0ec0-b1b6-46a2-a19c-9c23908d7630,5761bde8-ab17-4155-9890-228859ae9d8c,0a33ce40-c0b9-4ddc-ba89-f34d2c5e19c6,2026-09-17T20:49:28+00,2026-09-17T20:49:28+00
669331d2-c22c-4d77-8e26-026575c6905a,581ab6c1-719f-4c66-be38-a82e60863626,a493474e-db90-45ba-8b0e-5b12946ea9fe,2026-08-30T07:43:08+00,2026-08-30T07:43:08+00
5401f803-77e1-46f4-bb09-77718e551fe3,19367001-6484-4ad9-9f0d-fa10ce6462b6,16d52b0d-4337-4352-9d01-aab6ceea8b7b,2026-09-20T12:13:46+00,2026-09-20T12:13:46+00
8318438b-d034-4f39-8e1f-ac3bfea7557e,27aa2626-9c22-4ce9-b460-802788397fab,de20ec2b-54f5-4ce3-a949-e09863a2cbe5,2026-09-18T05:25:35+00,2026-09-18T05:25:35+00
128ce38d-01d8-4297-ac5e-ee428c546ee1,144d9db2-8702-4b92-9711-0a57a3faa7c8,1c5bc96a-5239-4631-b45a-b14aca7bc5a8,2026-09-10T18:55:03+00,2026-09-10T18:55:03+00
980a06cc-2261-4ce8-a794-91533e036bed,4c7d3b7c-ba64-4329-a995-be4990a7b264,7d34d202-32a8-4c33-9ff3-b10d0c9860f8,2026-09-08T20:45:28+00,2026-09-08T20:45:28+00
637cc801-aec3-4968-847f-0b18f274f0e2,cb73a5d8-749e-41c6-8bbf-3539531312d2,d6afc1db-3fef-4d14-a210-bf8053846bad,2026-09-05T02:23:32+00,2026-09-05T02:23:32+00
adaa5e05-becb-4bdb-80b0-2df2b2534a62,7c912978-b1d3-4b80-862a-cf640b4d54dd,fdc7191b-7a11-4e94-a305-95e8773f4841,2026-09-03T02:12:53+00,2026-09-03T02:12:53+00
0398553d-1bf8-474f-ad0e-07695ccf11b6,4c7d3b7c-ba64-4329-a995-be4990a7b264,cdd1e069-d112-4d84-9abb-793702ad876d,2026-09-22T05:01:53+00,2026-09-22T05:01:53+00
2b22a6bb-0fc7-4a2f-aa17-35dd25237da1,af1f384e-71f2-4620-a619-b67a7f0f1a84,fdc7191b-7a11-4e94-a305-95e8773f4841,2026-09-09T21:02:54+00,2026-09-09T21:02:54+00
114b1e2b-669c-447c-8e29-622f27218292,eaba9a70-e32b-43b0-a1ca-9d8c50e909d3,e95a5f51-bebf-4ec6-ba63-e50a45a5bcb1,2026-09-19T03:58:53+00,2026-09-19T03:58:53+00
f0bc77a8-250f-4a8e-8b90-2a13df645c9f,ac121499-0280-4b23-88b0-0f925f3a301e,230fa550-1848-4a6b-a552-51c1ce047b4f,2026-09-21T16:07:31+00,2026-09-21T16:07:31+00
e6c180cf-f4b7-4254-bf71-cddc16c879a2,4dfbca3c-b477-47d5-81da-3552059e9654,e9a6a245-d0e2-4e67-bf1d-1313956679ab,2026-09-16T17:50:01+00,2026-09-16T17:50:01+00
835eb0b4-6fa6-4709-9f22-26b145d4bde2,9937bb3c-c14e-4c6e-a02f-cc0ba7e326b6,63605aa6-d4d2-4791-b97f-9b08f5c3f6a2,2026-09-18T06:15:08+00,2026-09-18T06:15:08+00
5d38e24d-dac5-4838-ba37-27d37ae23040,c865fd65-6910-45a5-9252-69f8fd02201b,7f680da9-6337-41e4-9ce6-230190f5f088,2026-09-20T02:52:48+00,2026-09-20T02:52:48+00
a1ff3f77-eb02-49ea-8d77-3257b48b0802,ac6675e6-0b38-42d4-bf38-8959faea8863,1d6e52b9-e368-46f4-b232-9a504be2e387,2026-09-22T11:20:10+00,2026-09-22T11:20:10+00
efe807bd-eae6-4062-8f37-576c7394ac4c,ac121499-0280-4b23-88b0-0f925f3a301e,84a5be0f-fe8b-4d0e-a578-f348351ee343,2026-09-21T01:17:26+00,2026-09-21T01:17:26+00
de24f711-5125-4d70-92c3-31b49fce0626,4c7d3b7c-ba64-4329-a995-be4990a7b264,72e7ee8b-cd7b-464b-a0d9-5dfa6071f45b,2026-09-22T05:38:38+00,2026-09-22T05:38:38+00
191a5c66-d654-495c-bba6-ad6e0d56dc15,ac121499-0280-4b23-88b0-0f925f3a301e,2978ed6e-62ef-478a-b39f-46bd09591aec,2026-09-22T07:25:33+00,2026-09-22T07:25:33+00
12e73b2d-d1e8-47f4-8dca-a5c6f1d7682c,4c7d3b7c-ba64-4329-a995-be4990a7b264,2978ed6e-62ef-478a-b39f-46bd09591aec,2026-09-22T11:05:55+00,2026-09-22T11:05:55+00
5126ea05-3d49-4767-bd86-78f97da66db5,735fc5cb-dd91-46b6-94d6-d68143ec3f0e,440dc5fc-7d69-4f9b-a98a-c9626a1e058c,2026-09-15T16:56:47+00,2026-09-15T16:56:47+00
1f68b0e5-6ad1-4c59-8152-401def6f9b6d,b40e34f2-cd9d-4c15-b942-eeb1cdac5e68,17a9f10f-ffa1-48df-b16a-be436983e59d,2026-09-01T03:55:06+00,2026-09-01T03:55:06+00
32f99599-f90c-4c77-ba12-f7dff2050f5c,4dfbca3c-b477-47d5-81da-3552059e9654,f452cdf4-9099-449f-8345-e0a9eb870ac1,2026-09-16T18:28:31+00,2026-09-16T18:28:31+00
d2ab9681-4e89-40d0-8269-3284d6c5f4a7,27aa2626-9c22-4ce9-b460-802788397fab,8d7bcb69-b06a-4c91-8bee-fbaa7dc12271,2026-09-17T10:03:02+00,2026-09-17T10:03:02+00
ee4263f4-e394-4609-af4d-32082683223b,20a3c832-08ce-446f-b7f8-e12e142db636,9aed7334-81d5-4d31-b974-f0d98c464a35,2026-08-26T12:31:12+00,2026-08-26T12:31:12+00
2038c6f2-6f6a-4b43-b10b-d7a49c2cdbb1,27aa2626-9c22-4ce9-b460-802788397fab,9267ea31-35d5-49ef-8e0f-0a2f29735c8c,2026-09-03T07:43:43+00,2026-09-03T07:43:43+00
a4db141b-3754-47f8-be8c-0f88f5a569b7,efbc2aeb-f83f-4d5d-9753-1c1696c6a099,7f680da9-6337-41e4-9ce6-230190f5f088,2026-09-19T11:40:47+00,2026-09-19T11:40:47+00
83d97665-8708-4e18-9bac-7c688571fa48,cccb5524-84e6-4404-bf62-c525a9439bd7,16d52b0d-4337-4352-9d01-aab6ceea8b7b,2026-09-20T11:15:12+00,2026-09-20T11:15:12+00
8ae055eb-76e3-4bb8-a0d4-0080ff6e394c,5761bde8-ab17-4155-9890-228859ae9d8c,5dd01e58-3885-48cd-b9ae-835c34be6be3,2026-09-21T06:51:19+00,2026-09-21T06:51:19+00
ffcd1ed5-fa50-4c6d-ab24-96dc73231cd5,9937bb3c-c14e-4c6e-a02f-cc0ba7e326b6,e95a5f51-bebf-4ec6-ba63-e50a45a5bcb1,2026-09-21T12:28:56+00,2026-09-21T12:28:56+00
dc58a697-6065-47cf-b32f-1ce09291734e,4dfbca3c-b477-47d5-81da-3552059e9654,31057864-f831-4527-a600-41e31a067091,2026-09-04T10:26:06+00,2026-09-04T10:26:06+00
6693170b-a7c2-4e65-b012-e0744c1f8777,581ab6c1-719f-4c66-be38-a82e60863626,b69ab941-7531-46da-99bf-575adc856f4c,2026-09-22T07:33:22+00,2026-09-22T07:33:22+00
5a47e9d3-63d9-4f9a-b803-cb9f5a9309c7,f37f9e27-268c-49a1-be3a-cf722ed3d48b,9cb07d8a-ba95-4bde-ad74-dfc40f4d1a35,2026-09-21T21:15:11+00,2026-09-21T21:15:11+00
3860932c-8101-4a6a-a87d-04dd2b1ae6f1,35732930-67f3-4140-8997-66b3e77e7014,5fb6d349-a8fc-4b18-b122-be1159db8c77,2026-09-16T18:11:54+00,2026-09-16T18:11:54+00
442337c9-5147-42de-99ff-4849317e0e77,efbc2aeb-f83f-4d5d-9753-1c1696c6a099,d7741da8-8db4-4a40-8c15-497191baf76e,2026-09-21T14:09:47+00,2026-09-21T14:09:47+00
0d630267-e7c2-4693-a9b7-3f00b99b0606,b40e34f2-cd9d-4c15-b942-eeb1cdac5e68,5dd01e58-3885-48cd-b9ae-835c34be6be3,2026-09-18T22:39:23+00,2026-09-18T22:39:23+00
0b99e543-199d-4c5b-9edd-9ed29b61cfd1,735fc5cb-dd91-46b6-94d6-d68143ec3f0e,19ee7d08-f4f8-44b3-a728-150a15c26889,2026-09-20T16:44:53+00,2026-09-20T16:44:53+00
37d70687-3e59-4924-9fab-032b2107f2ee,5f4a0667-45b5-469d-b30e-8b5129c82f54,2978ed6e-62ef-478a-b39f-46bd09591aec,2026-09-22T02:44:33+00,2026-09-22T02:44:33+00
0d0985f2-b810-4dfe-8b98-cae665db70b6,72e65af5-9e91-4099-88c2-8972779d4108,32fb17f1-7d33-4907-b167-2785deb49bb8,2026-09-17T11:23:44+00,2026-09-17T11:23:44+00
10a179c4-888b-4868-95ac-e24cf0b4b12f,85830fbe-7792-4344-8e85-6c33e9f1f368,fdc7191b-7a11-4e94-a305-95e8773f4841,2026-09-12T18:34:50+00,2026-09-12T18:34:50+00
a81cb6dd-8f08-4738-ad46-0e9d872762a1,735fc5cb-dd91-46b6-94d6-d68143ec3f0e,9267ea31-35d5-49ef-8e0f-0a2f29735c8c,2026-08-27T19:32:02+00,2026-08-27T19:32:02+00
b4588f91-6342-4d57-9f06-508f7facd0fe,05f06301-174c-4ce0-88f7-31f622e82235,230fa550-1848-4a6b-a552-51c1ce047b4f,2026-09-15T03:00:19+00,2026-09-15T03:00:19+00
b0480a7c-de4d-4566-a8b9-c38801ca2247,f37f9e27-268c-49a1-be3a-cf722ed3d48b,32fb17f1-7d33-4907-b167-2785deb49bb8,2026-09-19T05:13:40+00,2026-09-19T05:13:40+00
eddfb7f3-86f4-46ff-ae99-45b2155e8b85,b40e34f2-cd9d-4c15-b942-eeb1cdac5e68,7d34d202-32a8-4c33-9ff3-b10d0c9860f8,2026-09-09T04:55:40+00,2026-09-09T04:55:40+00
ccdee656-b722-4f6f-9bd0-4e2f045406d2,f37f9e27-268c-49a1-be3a-cf722ed3d48b,3cd8777a-1334-4164-b473-9809b5910861,2026-09-01T20:11:43+00,2026-09-01T20:11:43+00
6aa3f317-956d-4e01-b3cb-722349441e7d,c865fd65-6910-45a5-9252-69f8fd02201b,3cd8777a-1334-4164-b473-9809b5910861,2026-09-13T18:14:59+00,2026-09-13T18:14:59+00
77facdbf-b2bd-4cf1-9914-cbf90501c9a4,85830fbe-7792-4344-8e85-6c33e9f1f368,4176f906-990e-451b-a1af-493bedb70181,2026-09-20T18:56:16+00,2026-09-20T18:56:16+00
9d08e009-9dde-4c0c-b575-4f7c1b83113f,35732930-67f3-4140-8997-66b3e77e7014,2978ed6e-62ef-478a-b39f-46bd09591aec,2026-09-22T06:43:52+00,2026-09-22T06:43:52+00
6ddb63c8-3fd8-48cd-8fc1-bea528f52834,ac121499-0280-4b23-88b0-0f925f3a301e,1d683812-291b-4c0e-b846-c2f9912a79c7,2026-09-12T06:16:29+00,2026-09-12T06:16:29+00
9d69d995-cac7-4c36-af6b-27684dc74848,9937bb3c-c14e-4c6e-a02f-cc0ba7e326b6,31057864-f831-4527-a600-41e31a067091,2026-09-20T19:59:39+00,2026-09-20T19:59:39+00
92fa6884-7d25-497a-9703-cb31ea6118dc,c865fd65-6910-45a5-9252-69f8fd02201b,023faaaa-5a37-4bf8-8060-85dfa768feb5,2026-09-15T18:31:05+00,2026-09-15T18:31:05+00
c32e9f91-9e3e-4095-8ab5-b1091c1081e0,4dfbca3c-b477-47d5-81da-3552059e9654,89e315ef-bcfc-4239-a666-5fb1b85059b0,2026-09-16T17:45:43+00,2026-09-16T17:45:43+00
a30617ee-77bf-4b83-96a2-8735ff5f596a,735fc5cb-dd91-46b6-94d6-d68143ec3f0e,e95a5f51-bebf-4ec6-ba63-e50a45a5bcb1,2026-09-10T09:53:53+00,2026-09-10T09:53:53+00
9f53c0db-d18a-4bd3-8e36-4631ac04f5ef,cb73a5d8-749e-41c6-8bbf-3539531312d2,5fb6d349-a8fc-4b18-b122-be1159db8c77,2026-08-27T20:18:05+00,2026-08-27T20:18:05+00
79f34e31-f89e-4b47-b09b-0da1088b1712,cccb5524-84e6-4404-bf62-c525a9439bd7,172a42a6-2556-401d-8d59-a95829c0b049,2026-09-11T05:09:36+00,2026-09-11T05:09:36+00
f31807f2-69d5-412d-b678-9e90840d7710,7c912978-b1d3-4b80-862a-cf640b4d54dd,b6f7df8e-425b-4b69-9f7b-9707ee7cf94d,2026-09-21T23:31:30+00,2026-09-21T23:31:30+00
8d0ca5f8-8b38-4661-b574-950b1cac5739,ac121499-0280-4b23-88b0-0f925f3a301e,89e315ef-bcfc-4239-a666-5fb1b85059b0,2026-09-21T14:31:23+00,2026-09-21T14:31:23+00
7a2d32d8-26a7-4624-a40a-adc5c9d806c0,c68d9407-3284-43e1-b16e-85a8ae34979b,a493474e-db90-45ba-8b0e-5b12946ea9fe,2026-09-07T14:22:21+00,2026-09-07T14:22:21+00
70e579bc-c6f7-4b8e-ba00-29fb9c015146,eaba9a70-e32b-43b0-a1ca-9d8c50e909d3,9267ea31-35d5-49ef-8e0f-0a2f29735c8c,2026-08-30T04:21:42+00,2026-08-30T04:21:42+00
ad12fd46-c6b7-431b-bcb9-4479877e647c,3d51eefd-8b09-49a2-8ad2-305676775b05,100d47d8-b9d2-4bbb-8f6f-1d9f55f47bb2,2026-09-19T00:18:01+00,2026-09-19T00:18:01+00
75630c29-d183-4287-ae98-5a4c65499208,c68d9407-3284-43e1-b16e-85a8ae34979b,de20ec2b-54f5-4ce3-a949-e09863a2cbe5,2026-08-31T16:57:01+00,2026-08-31T16:57:01+00
20dcefdf-ade4-4943-bfee-a1d2949c5bd3,cccb5524-84e6-4404-bf62-c525a9439bd7,9cb07d8a-ba95-4bde-ad74-dfc40f4d1a35,2026-09-22T11:06:10+00,2026-09-22T11:06:10+00
74a21b9e-96dc-4d28-89f8-89b93756747d,20a3c832-08ce-446f-b7f8-e12e142db636,1d6e52b9-e368-46f4-b232-9a504be2e387,2026-08-26T15:32:38+00,2026-08-26T15:32:38+00
57dd0537-c6b0-4aeb-9464-cfc6fbf198ff,144d9db2-8702-4b92-9711-0a57a3faa7c8,440dc5fc-7d69-4f9b-a98a-c9626a1e058c,2026-09-02T12:18:35+00,2026-09-02T12:18:35+00
e6ab6541-4c5d-4ba3-8cdf-e0975bf91493,05f06301-174c-4ce0-88f7-31f622e82235,5fb6d349-a8fc-4b18-b122-be1159db8c77,2026-09-18T22:51:21+00,2026-09-18T22:51:21+00
a31541e1-703a-484f-92d4-9d105445fa4f,ef9245ec-a5b3-4e80-89e5-bcef7b11578c,71053ed1-366a-4240-9c59-5f2484cff2d1,2026-09-07T21:41:11+00,2026-09-07T21:41:11+00
1d5e689d-ac1d-4a40-9eae-f43435da534a,72e65af5-9e91-4099-88c2-8972779d4108,100d47d8-b9d2-4bbb-8f6f-1d9f55f47bb2,2026-09-22T01:59:53+00,2026-09-22T01:59:53+00
9c6c2d5a-3b65-4a76-b7cf-3457969d6b4d,efbc2aeb-f83f-4d5d-9753-1c1696c6a099,1adf28c5-de8c-4c2f-b0a5-f561d3e54604,2026-09-20T03:48:27+00,2026-09-20T03:48:27+00
9793eeee-cb41-470f-8438-9dfbba3fb259,9937bb3c-c14e-4c6e-a02f-cc0ba7e326b6,aa7170e7-db18-4a57-8809-3ce5b9252e02,2026-09-16T22:33:31+00,2026-09-16T22:33:31+00
00038732-902d-453f-b081-d7edd4c4de61,b40e34f2-cd9d-4c15-b942-eeb1cdac5e68,0a33ce40-c0b9-4ddc-ba89-f34d2c5e19c6,2026-09-05T12:04:47+00,2026-09-05T12:04:47+00
fce9ff74-60a4-4344-ab60-38cf0cb7a9dc,721b08ab-8cae-4b82-a275-50139ff79484,bb835672-3fcb-4bc3-88b4-dd26bd7f121a,2026-09-12T20:25:38+00,2026-09-12T20:25:38+00
1a55f089-3ebc-4c5c-87d9-f2d00bd5e7bb,735fc5cb-dd91-46b6-94d6-d68143ec3f0e,7ee0434e-d019-42a0-a953-0f966f36bea5,2026-09-05T03:31:07+00,2026-09-05T03:31:07+00
52810494-55d5-4399-9401-e1f777e22d37,05f06301-174c-4ce0-88f7-31f622e82235,9937e485-c5f3-4332-b0ec-8e22dcc5f9a4,2026-09-18T07:26:23+00,2026-09-18T07:26:23+00
8bb739ee-9611-4c4f-89ae-a09e03d85e58,c68d9407-3284-43e1-b16e-85a8ae34979b,a493474e-db90-45ba-8b0e-5b12946ea9fe,2026-09-14T12:16:39+00,2026-09-14T12:16:39+00
9389df54-6237-4f8a-9928-c5d7f3cef57f,ac6675e6-0b38-42d4-bf38-8959faea8863,71b2eb75-408e-484e-bdba-e872ca870fdd,2026-09-09T08:15:54+00,2026-09-09T08:15:54+00
a197e0d3-57d5-4aec-a31a-ba32620b105f,e9878408-1451-428d-bdcf-52911cf0b046,9dabba0a-03cb-4316-9ead-56cfd053fcd1,2026-09-19T20:52:02+00,2026-09-19T20:52:02+00
7df7e465-2f4c-4866-9f64-1bd6dfeb7c45,20a3c832-08ce-446f-b7f8-e12e142db636,e0197eb8-420e-46c2-ab4c-7353ce93fe44,2026-09-21T07:30:01+00,2026-09-21T07:30:01+00
0e23d0b1-4b72-4686-947f-ef2885e9187f,606a0a59-c082-4179-8dea-ce74f437ed4e,1d6e52b9-e368-46f4-b232-9a504be2e387,2026-09-21T02:08:17+00,2026-09-21T02:08:17+00
0d19d168-66e3-4a2f-a33d-355b82b1911a,144d9db2-8702-4b92-9711-0a57a3faa7c8,71b2eb75-408e-484e-bdba-e872ca870fdd,2026-09-14T12:55:16+00,2026-09-14T12:55:16+00
55f1154e-93e2-41f2-b4f1-00540fb0d9ed,606a0a59-c082-4179-8dea-ce74f437ed4e,e7a41a17-6668-487e-8b9a-7177e86df14a,2026-09-21T18:13:51+00,2026-09-21T18:13:51+00
5378f772-f986-4078-aa48-d33ba65dee37,af1f384e-71f2-4620-a619-b67a7f0f1a84,0c7f2429-2f01-4720-9db3-c0b53fc49ea0,2026-08-23T16:47:35+00,2026-08-23T16:47:35+00
e765e661-6c2b-4bca-8410-3b5cdbef8371,4c7d3b7c-ba64-4329-a995-be4990a7b264,9cb07d8a-ba95-4bde-ad74-dfc40f4d1a35,2026-09-22T06:49:28+00,2026-09-22T06:49:28+00
fa65df8e-894b-4aad-abc5-2fe813dca3e4,721b08ab-8cae-4b82-a275-50139ff79484,31057864-f831-4527-a600-41e31a067091,2026-08-27T05:26:34+00,2026-08-27T05:26:34+00
72128dcc-be46-4297-875a-07b0b7543f95,4628006c-2634-45e2-91a2-41a475e39115,d7741da8-8db4-4a40-8c15-497191baf76e,2026-09-18T14:46:34+00,2026-09-18T14:46:34+00
de8c15ec-43e9-4039-a021-2bdff37666aa,20a3c832-08ce-446f-b7f8-e12e142db636,a0271692-7ba5-47e3-8a4c-25d31a3e1868,2026-09-04T01:58:09+00,2026-09-04T01:58:09+00
7f477d36-0c56-4513-aced-05d01d7c0a3d,05f06301-174c-4ce0-88f7-31f622e82235,dae1e1c6-681f-4605-bf23-0df8425a5fdd,2026-09-04T02:13:07+00,2026-09-04T02:13:07+00
e7f6718a-88e1-440d-9e0b-50d9435567e6,cccb5524-84e6-4404-bf62-c525a9439bd7,1d6e52b9-e368-46f4-b232-9a504be2e387,2026-09-02T07:42:57+00,2026-09-02T07:42:57+00
544eef50-8587-4be0-b1eb-70e9e6daf607,4c7d3b7c-ba64-4329-a995-be4990a7b264,71053ed1-366a-4240-9c59-5f2484cff2d1,2026-09-11T15:34:55+00,2026-09-11T15:34:55+00
6bda08a7-994f-422c-872b-0ab8d458fbf0,c865fd65-6910-45a5-9252-69f8fd02201b,dae1e1c6-681f-4605-bf23-0df8425a5fdd,2026-08-23T19:57:34+00,2026-08-23T19:57:34+00
0aef4e45-b918-4142-b06f-1f329d60ddd9,b40e34f2-cd9d-4c15-b942-eeb1cdac5e68,01831610-1512-4aba-a0b8-ef22fa10e4f2,2026-08-25T08:42:29+00,2026-08-25T08:42:29+00
092386ab-3b50-4a77-a641-261ea5641ae9,c865fd65-6910-45a5-9252-69f8fd02201b,0ba4cd4d-0beb-4ca7-81f1-44d2088dd0c7,2026-08-31T06:15:01+00,2026-08-31T06:15:01+00
a589400e-575b-4ba1-82f7-d0d9dce5ff01,35732930-67f3-4140-8997-66b3e77e7014,2759c2d9-fac2-4f0a-9633-9c054df555e9,2026-09-22T06:35:37+00,2026-09-22T06:35:37+00
b821f6b5-2552-4d10-9184-cd0f7da12389,05f06301-174c-4ce0-88f7-31f622e82235,ca2a5e34-dd21-4cac-9354-633c4857c0c7,2026-09-12T08:48:08+00,2026-09-12T08:48:08+00
5f82e744-0a35-48e3-8784-7754d2807b76,c68d9407-3284-43e1-b16e-85a8ae34979b,71b2eb75-408e-484e-bdba-e872ca870fdd,2026-08-31T10:25:25+00,2026-08-31T10:25:25+00
908d9598-1b97-425d-a182-0d831611d309,4c7d3b7c-ba64-4329-a995-be4990a7b264,bb835672-3fcb-4bc3-88b4-dd26bd7f121a,2026-08-29T11:09:24+00,2026-08-29T11:09:24+00
d99ad0d3-c7b9-41c5-ab8d-25395b256736,af1f384e-71f2-4620-a619-b67a7f0f1a84,72e7ee8b-cd7b-464b-a0d9-5dfa6071f45b,2026-09-13T23:55:19+00,2026-09-13T23:55:19+00
